book_id,title,language,num_pages,publish_date,avg_rating,num_ratings,num_reviews,price,stock,price_band,publish_decade
1,Harry Potter and the Half-Blood Prince,English,652.0,2006-09-16,4.0,2553909,1,547.0,97,Premium (500-700),2000.0
2,Harry Potter and the Order of the Phoenix,English,870.0,2004-09-01,4.5,2631427,4,566.0,96,Premium (500-700),2000.0
3,Harry Potter and the Sorcerer's Stone,English,309.0,2003-11-01,4.48,7434783,117823,509.1,94,Premium (500-700),2000.0
4,Harry Potter and the Chamber of Secrets,English,352.0,2003-11-01,4.0,2878196,2,511.4,91,Premium (500-700),2000.0
5,Harry Potter and the Prisoner of Azkaban,English,435.0,2004-05-01,4.0,2972519,1,525.3,94,Premium (500-700),2000.0
6,Harry Potter and the Goblet of Fire,English,734.0,2002-09-28,4.0,2725467,4,554.8,96,Premium (500-700),2000.0
7,The Harry Potter Collection,English,,2006-09-01,4.73,31201,921,588.2,50,Premium (500-700),2000.0
8,"Harry Potter Boxed Set, Books 1-5 (Harry Potter, #1-5",English,2690.0,2004-09-13,4.79,58833,184,759.6,50,Luxury (700+),2000.0
9,"Unauthorized Harry Potter Book Seven News: \""Half-Blood Prince\"" Analysis and Speculation",English,152.0,2005-04-26,3.8,30,1,466.2,10,Mid (300-500),2000.0
10,Harry Potter Collection,English,3342.0,2005-09-12,4.73,31200,921,788.2,50,Luxury (700+),2000.0
11,The Hitchhiker's Guide to the Galaxy,English,216.0,2005-01-01,5.0,1500240,2,489.4,98,Mid (300-500),2000.0
12,The Ultimate Hitchhiker's Guide: Five Complete Novels and One Story,English,815.0,2005-11-01,4.36,295046,5412,554.9,100,Premium (500-700),2000.0
13,The Ultimate Hitchhiker's Guide to the Galaxy,English,815.0,2002-04-28,4.36,295030,5410,554.9,100,Premium (500-700),2000.0
14,The Hitchhiker's Guide to the Galaxy,English,215.0,2004-08-03,4.0,1500272,3,489.3,93,Mid (300-500),2000.0
15,The Hitchhiker's Guide to Lean: Lessons from the Road,English,216.0,2005-12-01,3.73,79,4,469.8,10,Mid (300-500),2000.0
16,The Hitchhiker's Guide to the Galaxy,English,6.0,2005-03-23,3.0,1500482,1,468.4,93,Mid (300-500),2000.0
17,The Hitchhiker's Guide to the Galaxy: Quandary Phase,English,,2005-10-25,4.35,773,34,573.0,10,Premium (500-700),2000.0
18,The Ultimate Hitchhiker's Guide,English,815.0,1996-01-17,4.36,295034,5411,554.9,100,Premium (500-700),1990.0
19,The Hitchhiker's Guide to the Galaxy: Quintessential Phase,English,,2006-05-28,4.37,741,29,573.8,10,Premium (500-700),2000.0
21,A Short History of Nearly Everything,English,544.0,2004-09-14,4.19,316671,12833,521.0,100,Premium (500-700),2000.0
22,Bill Bryson's African Diary,English,55.0,2002-12-03,3.45,8839,602,442.5,25,Mid (300-500),2000.0
23,Bryson's Dictionary of Troublesome Words: A Writer's Guide to Getting It Right,English,256.0,2004-09-14,3.88,2837,175,479.8,25,Mid (300-500),2000.0
24,In a Sunburned Country,English,335.0,2001-05-15,4.06,94050,5724,494.9,50,Mid (300-500),2000.0
25,I'm a Stranger Here Myself: Notes on Returning to America After Twenty Years Away,English,304.0,2000-06-28,3.89,60838,2892,485.0,50,Mid (300-500),2000.0
26,The Lost Continent: Travels in Small Town America,English,299.0,1990-08-28,3.82,53545,2789,481.7,50,Mid (300-500),1990.0
27,Neither Here nor There: Travels in Europe,English,254.0,1993-03-28,3.84,63799,2954,478.0,50,Mid (300-500),1990.0
28,Notes from a Small Island,English,324.0,1997-05-28,3.91,98212,4384,487.8,50,Mid (300-500),1990.0
29,The Mother Tongue: English and How It Got That Way,English,270.0,1991-09-28,3.92,36978,2763,482.8,50,Mid (300-500),1990.0
30,J.R.R. Tolkien 4-Book Boxed Set: The Hobbit and The Lord of the Rings,English,1728.0,2012-09-25,4.6,113901,1809,655.8,100,Premium (500-700),2010.0
31,The Lord of the Rings,English,1184.0,2004-10-21,4.5,586599,11962,597.4,100,Premium (500-700),2000.0
32,The Lord of the Rings,English,1137.0,2003-09-01,4.5,586599,11962,592.7,100,Premium (500-700),2000.0
33,The Lord of the Rings,English,1216.0,2005-10-12,4.5,586548,11959,600.6,100,Premium (500-700),2000.0
34,The Fellowship of the Ring,English,398.0,2003-09-05,4.37,2428209,24384,513.6,91,Premium (500-700),2000.0
35,The Lord of the Rings,English,1216.0,2002-10-01,4.5,586577,11962,600.6,100,Premium (500-700),2000.0
36,The Lord of the Rings: Weapons and Warfare,English,218.0,2003-11-05,4.58,33579,63,504.0,50,Premium (500-700),2000.0
37,The Lord of the Rings: Complete Visual Companion,English,224.0,2004-11-15,4.51,387,6,501.8,10,Premium (500-700),2000.0
38,The Lord of the Rings Box Set,English,1223.0,2001-09-19,4.5,586599,11962,601.3,100,Premium (500-700),2000.0
39,The Lord of the Rings,English,,1999-11-01,4.76,6695,58,589.4,25,Premium (500-700),1990.0
40,Cooking with Fernet Branca,English,288.0,2005-01-01,3.61,1558,243,472.2,25,Mid (300-500),2000.0
45,Agile Web Development with Rails: A Pragmatic Guide,English,558.0,2005-07-28,3.84,2109,111,508.4,25,Premium (500-700),2000.0
46,Ruby Quickly: Ruby and Rails for the Real World,English,360.0,2006-08-01,3.4,5,0,471.0,10,Mid (300-500),2000.0
48,The Bucaneers,English,,1995-07-05,3.89,5724,424,554.6,25,Premium (500-700),1990.0
49,Bucaneer,English,208.0,2000-10-18,3.83,6,1,473.0,10,Mid (300-500),2000.0
50,Hatchet,English,208.0,2000-04-01,3.74,322595,14737,469.4,100,Mid (300-500),2000.0
51,"Hatchet: A Guide for Using \""Hatchet\"" in the Classroom",English,48.0,1994-08-28,3.95,37,2,461.8,10,Mid (300-500),1990.0
52,El hacha,Spanish,144.0,1996-03-01,3.74,322656,14745,463.0,100,Mid (300-500),1990.0
53,Guts: The True Stories behind Hatchet and the Brian Books,English,144.0,2001-01-23,3.89,2532,386,469.0,25,Mid (300-500),2000.0
54,Molly Hatchet - 5 of the Best,English,56.0,2003-06-10,4.33,6,0,477.8,10,Mid (300-500),2000.0
55,Hatchet Jobs: Writings on Contemporary Fiction,English,228.0,2005-11-01,3.48,128,25,461.0,10,Mid (300-500),2000.0
56,The Woodsman and His Hatchet: Eighty Years on Back Country Survival,English,150.0,1996-10-01,3.6,10,0,458.0,10,Mid (300-500),1990.0
57,A Changeling for All Seasons,English,304.0,2005-11-01,3.76,169,4,479.8,10,Mid (300-500),2000.0
58,Changeling,English,256.0,2006-08-17,3.61,1064,122,469.0,25,Mid (300-500),2000.0
59,The Changeling Sea,English,137.0,2003-04-14,4.07,5023,389,475.5,25,Mid (300-500),2000.0
60,Changelings,English,288.0,2006-09-01,3.78,2356,87,479.0,25,Mid (300-500),2000.0
61,The Changeling,English,228.0,2004-06-08,4.17,1400,136,488.6,25,Mid (300-500),2000.0
63,The Changeling,English,339.0,2005-04-12,3.55,409,58,474.9,10,Mid (300-500),2000.0
65,Shadows in the Starlight,English,288.0,2007-02-06,3.68,199,18,475.0,10,Mid (300-500),2000.0
66,The Changeling,English,369.0,1990-08-28,3.99,461,23,495.5,10,Mid (300-500),1990.0
67,The Known World,English,388.0,2006-08-29,3.81,38299,3279,490.2,50,Mid (300-500),2000.0
68,The Known World,English,14.0,2004-06-15,3.81,38311,3279,452.8,50,Mid (300-500),2000.0
69,The Known World,English,576.0,2004-06-15,3.81,38311,3279,509.0,50,Premium (500-700),2000.0
70,I Wish I Had Known That!: World's Greatest Money & Time Saving Baby Secrets Revealed!,English,310.0,2003-10-01,4.25,4,0,500.0,10,Mid (300-500),2000.0
71,"Traders, Guns & Money: Knowns and Unknowns in the Dazzling World of Derivatives",English,334.0,2006-05-15,3.83,1698,101,485.6,25,Mid (300-500),2000.0
72,Artesia: Adventures in the Known World,English,352.0,2005-12-14,4.16,55,4,500.6,10,Premium (500-700),2000.0
73,The Known World,English,388.0,2003-01-01,3.81,38311,3279,490.2,50,Mid (300-500),2000.0
74,The John McPhee Reader,English,416.0,1982-06-01,4.43,646,43,517.8,10,Premium (500-700),1980.0
75,Uncommon Carriers,English,248.0,2006-05-16,3.95,1958,228,481.8,25,Mid (300-500),2000.0
76,Heirs of General Practice,English,128.0,1986-04-01,4.16,310,26,478.2,10,Mid (300-500),1980.0
77,The Control of Nature,English,288.0,1990-09-01,4.25,3950,335,497.8,25,Mid (300-500),1990.0
78,Annals of the Former World,English,720.0,1999-01-06,4.35,3638,267,545.0,25,Premium (500-700),1990.0
79,Coming Into the Country,English,448.0,1991-04-01,4.22,6314,316,512.6,25,Premium (500-700),1990.0
80,La Place de la Concorde Suisse,French,160.0,1994-04-01,3.93,845,63,472.2,10,Mid (300-500),1990.0
81,Giving Good Weight,English,288.0,1994-04-01,4.24,614,43,497.4,10,Mid (300-500),1990.0
82,The Second John McPhee Reader,English,393.0,1996-02-28,4.38,211,19,513.5,10,Premium (500-700),1990.0
83,Rising from the Plains,English,208.0,1987-11-01,4.23,1507,124,489.0,25,Mid (300-500),1980.0
84,Heidi,English,32.0,1996-08-01,4.5,18,3,482.2,10,Mid (300-500),1990.0
85,The Heidi Chronicles,English,81.0,2002-03-01,3.75,1604,85,457.1,25,Mid (300-500),2000.0
86,The Heidi Chronicles: Uncommon Women and Others & Isn't It Romantic,English,249.0,1991-07-02,3.84,2800,71,477.5,25,Mid (300-500),1990.0
87,Pandering,English,240.0,2003-01-31,3.6,90,11,467.0,10,Mid (300-500),2000.0
88,Love Your Handwriting,English,96.0,2005-08-28,3.58,88,8,451.8,10,Mid (300-500),2000.0
89,"Active Literacy Across the Curriculum: Strategies for Reading, Writing, Speaking, and Listening",English,138.0,2006-03-29,3.91,33,1,469.2,10,Mid (300-500),2000.0
90,Simply Beautiful Beaded Jewelry,English,128.0,2006-03-14,3.78,64,5,463.0,10,Mid (300-500),2000.0
91,Always Enough: God's Miraculous Provision Among the Poorest Children on Earth,English,192.0,2003-09-01,4.46,1042,69,496.6,25,Mid (300-500),2000.0
92,Mapping the Big Picture: Integrating Curriculum & Assessment K-12,English,108.0,1997-01-28,3.65,78,2,455.8,10,Mid (300-500),1990.0
93,Heidi,English,352.0,2002-11-15,3.99,176827,4169,493.8,100,Mid (300-500),2000.0
94,Getting Results with Curriculum Mapping,English,192.0,2004-11-15,3.24,58,5,447.8,10,Mid (300-500),2000.0
95,Cinnamon and Roses,English,298.0,2000-01-01,3.86,87,8,483.2,10,Mid (300-500),2000.0
96,There's Always Enough: The Miraculous Move of God in Mozambique,English,192.0,2003-04-28,4.46,1042,69,496.6,25,Mid (300-500),2000.0
97,The Birthdays,English,288.0,2006-06-05,2.85,417,63,441.8,10,Mid (300-500),2000.0
98,What to Expect the First Year,English,832.0,2003-10-16,3.9,16290,941,538.2,50,Premium (500-700),2000.0
99,The Player's Handbook: The Ultimate Guide on Dating and Relationships,English,123.0,2004-05-10,3.74,35,8,460.9,10,Mid (300-500),2000.0
100,Simply Beautiful Beading: 53 Quick and Easy Projects,English,128.0,2004-08-19,3.8,89,4,463.8,10,Mid (300-500),2000.0
101,Chasing Jordan,English,240.0,2005-07-11,3.45,38,7,461.0,10,Mid (300-500),2000.0
102,Seven-Year Seduction,English,184.0,2006-02-14,3.6,92,8,461.4,10,Mid (300-500),2000.0
103,God Emperor of Dune,English,423.0,1987-06-15,3.86,71175,1896,495.7,50,Mid (300-500),1980.0
104,Dune,English,528.0,2005-08-02,4.0,831986,1,521.0,91,Premium (500-700),2000.0
105,Chapterhouse: Dune,English,436.0,1987-07-01,3.92,48767,957,499.4,50,Mid (300-500),1980.0
106,Dune Messiah,English,331.0,1987-07-15,3.89,146628,4801,487.7,100,Mid (300-500),1980.0
107,Dreamer of Dune: The Biography of Frank Herbert,English,592.0,2004-07-01,4.02,887,30,519.0,10,Premium (500-700),2000.0
108,The Secrets of Frank Herbert's Dune,English,160.0,2000-10-31,3.57,46,1,457.8,10,Mid (300-500),2000.0
109,Heretics of Dune,English,480.0,1984-04-16,3.87,57288,1092,501.8,50,Premium (500-700),1980.0
110,The Road to Dune,English,426.0,2006-08-29,3.89,5341,123,497.2,25,Mid (300-500),2000.0
111,Dios emperador de Dune,Spanish,568.0,2003-10-30,3.86,71175,1896,510.2,50,Premium (500-700),2000.0
112,Children of Dune,English,408.0,1987-05-15,3.94,112971,2625,497.4,100,Mid (300-500),1980.0
113,Dune,English,,,4.5,832017,4,568.2,93,Premium (500-700),
114,Dune Trilogy Box Set,English,,1978-03-15,4.36,57043,254,573.4,50,Premium (500-700),1970.0
115,Worlds Beyond Dune Box,English,,1980-10-01,4.25,8,0,569.0,10,Premium (500-700),1980.0
116,The Dune Encyclopedia,English,526.0,1984-07-13,4.1,4065,54,515.6,25,Premium (500-700),1980.0
117,Heretics of Dune,English,471.0,1987-08-15,3.87,57284,1091,500.9,50,Premium (500-700),1980.0
118,The Battles of Dune,English,,1994-01-04,4.19,456,0,566.6,10,Premium (500-700),1990.0
119,The Lord of the Rings: The Art of the Fellowship of the Ring,English,192.0,2002-06-12,4.62,55954,118,503.0,50,Premium (500-700),2000.0
120,The Trust: The Private and Powerful Family behind the New York Times,English,870.0,1999-12-30,4.01,165,18,546.4,10,Premium (500-700),1990.0
121,The Patriarch: The Rise and Fall of the Bingham Dynasty,English,576.0,1993-02-01,3.67,24,3,503.4,10,Premium (500-700),1990.0
122,The Power of One,English,544.0,1996-09-29,4.32,81836,5344,526.2,50,Premium (500-700),1990.0
123,The Power of One,English,291.0,2005-09-13,4.32,81839,5345,500.9,50,Premium (500-700),2000.0
124,Lose Weight with The Power of One: A Motivational Journey to Nutritional Sanity,English,256.0,2003-07-24,4.33,9,1,497.8,10,Mid (300-500),2000.0
125,The Power of One: Daisy Bates and the Little Rock Nine,English,192.0,2004-12-20,4.44,39,7,495.8,10,Mid (300-500),2000.0
126,The Power of One,English,,2004-01-28,4.32,81843,5345,571.8,50,Premium (500-700),2000.0
127,Powers Unlimited One: A Sourcebook for Heroes Unlimited,English,96.0,2003-01-01,4.35,20,0,482.6,10,Mid (300-500),2000.0
128,The Power of One Christlike Life,English,159.0,2000-07-01,4.26,42,5,485.3,10,Mid (300-500),2000.0
129,"The Power of One: One Person, One Rule, One Month",English,256.0,2004-11-01,4.26,19,1,495.0,10,Mid (300-500),2000.0
130,Power of an Hour: Business and Life Mastery in One Hour a Week,English,205.0,2006-05-19,3.31,220,22,451.9,10,Mid (300-500),2000.0
131,"The Power of One: The Solo Play for Playwrights, Actors, and Directors",English,240.0,2000-02-07,3.67,15,0,469.8,10,Mid (300-500),2000.0
132,"How to Buy, Sell & Profit on eBay: Kick-Start Your Home-Based Business in Just Thirty Days",English,336.0,2005-05-03,3.51,96,9,473.0,10,Mid (300-500),2000.0
133,eBay for Dummies,English,386.0,2006-10-30,3.51,222,21,478.0,10,Mid (300-500),2000.0
134,eBay PowerSeller Secrets: Insider Tips from eBay's Most Successful Sellers,English,385.0,2004-09-24,3.62,65,5,482.3,10,Mid (300-500),2000.0
135,What to Sell on ebay and Where to Get It: The Definitive Guide to Product Sourcing for eBay and Beyond,English,260.0,2006-01-24,3.68,25,0,472.2,10,Mid (300-500),2000.0
136,Titanium eBay: A Tactical Guide to Becoming a Millionaire PowerSeller,English,560.0,2006-06-06,3.81,31,3,507.4,10,Premium (500-700),2000.0
137,Starting an eBay Business for Dummies,English,384.0,2004-09-17,3.55,119,7,479.4,10,Mid (300-500),2000.0
138,eBay: Top 100 Simplified Tips & Tricks,English,260.0,2006-06-06,4.27,11,1,495.8,10,Mid (300-500),2000.0
139,ebay Timesaving Techniques for Dummies,English,391.0,2004-05-31,3.32,22,2,470.9,10,Mid (300-500),2000.0
140,eBay Business All-in-One Desk Reference for Dummies,English,864.0,2005-04-25,3.88,17,3,540.6,10,Premium (500-700),2000.0
141,Ruby Cookbook,English,873.0,2006-07-29,3.84,187,6,539.9,10,Premium (500-700),2000.0
142,Ruby Ann's Down Home Trailer Park Cookbook,English,240.0,2005-05-03,4.17,54,5,489.8,10,Mid (300-500),2000.0
143,Ruby Ann's Down Home Trailer Park Holiday Cookbook,English,278.0,2002-10-01,4.1,20,1,490.8,10,Mid (300-500),2000.0
144,Ruby Ann's Down Home Trailer Park BBQin' Cookbook,English,206.0,2005-05-03,4.08,13,2,482.8,10,Mid (300-500),2000.0
145,Ruby Cookbook,English,,2001-01-01,4.6,5,0,583.0,10,Premium (500-700),2000.0
146,Ruby's Low-Fat Soul Food Cookbook,English,175.0,1996-09-01,4.8,5,0,508.5,10,Premium (500-700),1990.0
147,Rails Cookbook: Recipes for Rapid Web Development with Ruby,English,514.0,2007-01-01,3.46,68,1,488.8,10,Mid (300-500),2000.0
148,"Ruby Slippers Cookbook: Life, Culture, Family & Food after Katrina",English,232.0,2006-06-28,4.3,10,1,494.2,10,Mid (300-500),2000.0
149,The Red Hot Cookbook: Create a Culinary Inferno with Flaming Good Recipes from Around the World,English,256.0,2000-12-01,3.75,4,0,474.6,10,Mid (300-500),2000.0
151,Anna Karenina,English,838.0,2004-05-31,4.06,691566,25482,545.2,100,Premium (500-700),2000.0
152,Anna Karenina,English,960.0,2002-11-05,4.06,691571,25482,557.4,100,Premium (500-700),2000.0
153,Anna Karenina,English,837.0,2003-01-30,4.06,691571,25482,545.1,100,Premium (500-700),2000.0
154,CliffsNotes on Tolstoy's Anna Karenina,English,80.0,1965-11-26,3.78,23,3,458.2,10,Mid (300-500),1960.0
155,Anna Karenina,English,803.0,2003-07-01,4.06,691571,25482,541.7,100,Premium (500-700),2000.0
156,Anna Karenina,English,752.0,2004-11-23,4.06,691571,25482,536.6,100,Premium (500-700),2000.0
157,Anna Karenina,English,803.0,2004-08-26,4.06,691571,25482,541.7,100,Premium (500-700),2000.0
158,Anna Karenina,English,,2004-07-06,4.06,691571,25482,561.4,100,Premium (500-700),2000.0
159,Dinner with Anna Karenina,English,360.0,2006-01-28,2.98,516,77,454.2,10,Mid (300-500),2000.0
160,Tolstoy: Anna Karenina,English,128.0,1987-11-26,4.21,1293,35,480.2,25,Mid (300-500),1980.0
161,The Dream Life of Sukhanov,English,354.0,2006-01-05,3.88,1416,206,489.6,25,Mid (300-500),2000.0
162,Untouchable,English,160.0,1990-07-03,3.73,4490,406,464.2,25,Mid (300-500),1990.0
163,The Untouchable,English,368.0,1998-06-30,3.94,2934,331,493.4,25,Mid (300-500),1990.0
164,The Untouchables,English,256.0,1996-02-01,3.88,697,43,479.8,10,Mid (300-500),1990.0
165,Untouchables: My Family's Triumphant Journey Out of the Caste System in Modern India,English,320.0,2005-09-27,3.83,375,52,484.2,10,Mid (300-500),2000.0
166,Dalit: The Black Untaouchables of India,English,100.0,1995-01-28,4.2,10,0,477.0,10,Mid (300-500),1990.0
167,"The Untouchables: Subordination, Poverty and the State in Modern India",English,308.0,1998-04-28,4.0,5,0,489.8,10,Mid (300-500),1990.0
168,Growing Up Untouchable in India: A Dalit Autobiography,English,224.0,2000-12-20,3.77,22,4,472.2,10,Mid (300-500),2000.0
170,The Book of Evidence,English,304.0,2003-11-20,3.83,12,2,482.6,10,Mid (300-500),2000.0
171,The Evidence-Based Social Work Skills Book,English,216.0,2003-09-22,3.4,10,0,456.6,10,Mid (300-500),2000.0
172,Surgery: Basic Science and Clinical Evidence,English,2170.0,2000-08-17,3.83,6,0,669.2,10,Premium (500-700),2000.0
174,The Book of Evidence,English,,1991-11-01,3.7,4285,416,547.0,25,Premium (500-700),1990.0
175,A Challenge to the Critics: Scholarly Evidences of the Book of Mormon,English,153.0,1986-08-15,4.0,11,2,474.3,10,Mid (300-500),1980.0
176,Little Known Evidences of the Book of Mormon,English,49.0,1989-06-01,3.81,57,7,456.3,10,Mid (300-500),1980.0
177,"A Wrinkle in Time: A Guide for Using \""A Wrinkle in Time\"" in the Classroom",English,48.0,1991-09-28,4.15,20,0,469.8,10,Mid (300-500),1990.0
178,A Wrinkle in Time by Madeleine L'Engle: Study Guide,English,82.0,2002-02-01,4.16,49,7,473.6,10,Mid (300-500),2000.0
179,A Wrinkle in Time: LitPlan Teacher Pack,English,113.0,2000-08-01,3.73,11,0,459.5,10,Mid (300-500),2000.0
180,Wrinkles in Time,English,360.0,1994-10-01,4.02,1194,39,495.8,25,Mid (300-500),1990.0
181,A Wrinkle in Time: With Related Readings,English,250.0,2002-05-01,4.33,1077382,3,483.6,100,Mid (300-500),2000.0
182,Literature Circle Guide: A Wrinkle in Time,English,32.0,2002-01-01,3.6,15,0,446.2,10,Mid (300-500),2000.0
183,Un raccourci dans le temps,French,254.0,1997-04-28,5.0,1077382,1,484.0,97,Mid (300-500),1990.0
184,Empress in the Wrinkle of Time: The Knight-King Chronicle,English,508.0,2000-08-28,4.25,4,0,519.8,10,Premium (500-700),2000.0
185,Access to Literature: A Wrinkle in Time,English,32.0,1993-03-28,3.9,10,0,458.2,10,Mid (300-500),1990.0
186,Wrinkles in Time: Imprint of Creation,English,332.0,1995-04-13,4.02,1194,39,493.0,25,Mid (300-500),1990.0
187,A Wrinkle in Time,English,218.0,2017-11-07,3.99,1077378,34540,480.4,92,Mid (300-500),2010.0
188,"Madeleine L'Engle: Author of \""A Wrinkle in Time\",English,112.0,1991-11-01,4.3,64,6,482.2,10,Mid (300-500),1990.0
189,A Wrinkle in Time: A Reading Guide,English,,2003-07-01,3.78,9,0,550.2,10,Premium (500-700),2000.0
190,A Wrinkle in Time,English,,1994-09-01,5.0,1077382,3,558.6,95,Premium (500-700),1990.0
191,Literature Connections Sourcebook: A Wrinkle in Time and Related Readings,English,54.0,1997-01-01,3.91,1502,5,460.8,25,Mid (300-500),1990.0
192,A Wrinkle in Time: L-I-T Guide,English,40.0,1997-12-01,3.91,54,3,459.4,10,Mid (300-500),1990.0
193,"A Literature Guide to \""A Wrinkle in Time\"" by Madeleine L'Engle",English,50.0,1991-01-01,3.5,6,0,444.0,10,Mid (300-500),1990.0
194,A Wrinkle in Time,English,,1994-01-01,5.0,1077382,1,558.6,95,Premium (500-700),1990.0
195,Decision & Responsibility: A Wrinkle in Time,English,,1974-10-28,4.25,8,0,569.0,10,Premium (500-700),1970.0
196,The Silver Sword,English,24.0,1999-01-01,4.27,26,1,472.2,10,Mid (300-500),1990.0
197,A Wrinkle in Time: Teacher Guide,English,32.0,1998-12-01,4.05,22,2,464.2,10,Mid (300-500),1990.0
198,A Wrinkle in Time: Teaching Unit,English,53.0,1997-01-01,4.27,11,0,475.1,10,Mid (300-500),1990.0
199,"Pasta, Poppy Fields and Pearls",English,184.0,2013-06-20,3.5,40,8,457.4,10,Mid (300-500),2010.0
200,A Wrinkle in Time: Student Packet,English,44.0,1998-12-01,4.0,9,0,463.4,10,Mid (300-500),1990.0
201,Una arruga en el tiempo – A Wrinkle in Time,Spanish,205.0,1984-06-01,5.0,1077382,1,479.1,94,Mid (300-500),1980.0
202,The Long Shadow of Little Rock: A Memoir,English,272.0,1987-06-01,4.18,211,24,493.4,10,Mid (300-500),1980.0
203,The Long Shadow of Temperament,English,292.0,2004-08-23,4.14,21,2,493.8,10,Mid (300-500),2000.0
204,The Long Shadow,English,367.0,1994-06-01,4.13,487,22,500.9,10,Premium (500-700),1990.0
205,A Long Shadow,English,352.0,2006-01-03,4.12,4188,307,499.0,25,Mid (300-500),2000.0
206,Vicksburg's Long Shadow: The Civil War Legacy of Race and Remembrance,English,344.0,2005-08-31,3.29,14,4,465.0,10,Mid (300-500),2000.0
207,Long Way Round: Chasing Shadows Across the World,English,320.0,2005-11-01,3.95,9935,467,489.0,25,Mid (300-500),2000.0
208,A Shadow in Summer,English,331.0,2006-03-07,3.61,11499,787,476.5,50,Mid (300-500),2000.0
209,The Long Shadow,English,,1993-02-01,4.5,4,0,579.0,10,Premium (500-700),1990.0
210,"Long Shadows: Truth, Lies and History",English,496.0,2002-05-03,4.19,80,14,516.2,10,Premium (500-700),2000.0
212,The Collected Memoirs of Charles Willeford: I Was Looking for a Street/Something About a Soldier,English,342.0,2000-09-01,4.35,23,0,507.2,10,Premium (500-700),2000.0
213,New Hope for the Dead,English,244.0,2004-08-10,3.88,1223,116,478.6,25,Mid (300-500),2000.0
214,Sideswipe,English,215.0,2005-03-08,4.04,1019,108,482.1,25,Mid (300-500),2000.0
215,The Way We Die Now,English,256.0,2005-08-16,4.06,876,90,487.0,10,Mid (300-500),2000.0
216,Miami Blues,English,191.0,2004-08-10,3.93,3814,294,475.3,25,Mid (300-500),2000.0
217,Charles Willeford Omnibus: Pick Up/Burnt Orange Heresy/Cockfighter,English,602.0,1995-08-28,4.37,43,2,534.0,10,Premium (500-700),1990.0
218,The Woman Chaser,English,192.0,1960-04-01,3.93,624,67,475.4,10,Mid (300-500),1960.0
219,The Machine in Ward Eleven,English,160.0,2001-08-27,3.65,158,17,461.0,10,Mid (300-500),2000.0
221,Wild Wives,English,102.0,2009-09-09,3.69,501,60,456.8,10,Mid (300-500),2000.0
222,The Shark-Infested Custard,English,272.0,2005-12-06,3.82,611,73,479.0,10,Mid (300-500),2000.0
224,The Black Mass of Brother Springer,English,208.0,2003-12-01,3.98,265,31,479.0,10,Mid (300-500),2000.0
226,Comedy after Postmodernism: Rereading Comedy from Edward Lear to Charles Willeford,English,184.0,2001-01-15,3.86,7,0,471.8,10,Mid (300-500),2000.0
228,Cockfighter,English,200.0,2005-06-01,4.11,1271,97,483.4,25,Mid (300-500),2000.0
229,Sideswipe,English,279.0,1988-06-12,4.04,1019,108,488.5,25,Mid (300-500),1980.0
230,The Burnt Orange Heresy (Vintage Crime/Black Lizard,English,144.0,1990-10-03,3.85,977,107,467.4,10,Mid (300-500),1990.0
231,I am Charlotte Simmons,English,738.0,2005-08-30,3.43,26789,2040,510.0,50,Premium (500-700),2000.0
232,I am Charlotte Simmons,English,,2004-11-01,3.43,26796,2040,536.2,50,Premium (500-700),2000.0
234,The Complete Verse and Other Nonsense,English,624.0,2002-10-29,4.18,984,37,528.6,10,Premium (500-700),2000.0
235,A Book of Nonsense,English,288.0,1992-11-03,3.64,2014,187,473.4,25,Mid (300-500),1990.0
236,The Complete Nonsense of Edward Lear,English,287.0,1940-06-01,4.02,844,100,488.5,10,Mid (300-500),1940.0
237,Poetry for Young People: Edward Lear,English,48.0,2001-10-01,4.0,85,24,463.8,10,Mid (300-500),2000.0
238,Later Letters of Edward Lear to Chichester Fortescue (Select Bibliographies Reprint Ser.,English,366.0,1977-06-01,5.0,4,2,535.6,10,Premium (500-700),1970.0
239,An Edward Lear Alphabet,English,32.0,1999-04-01,3.39,51,10,437.8,10,Mid (300-500),1990.0
240,Edward Lear's Nonsense Verse,English,32.0,1999-12-01,3.64,2014,187,447.8,25,Mid (300-500),1990.0
241,A Was Once an Apple Pie,English,32.0,2005-09-01,3.42,219,72,439.0,10,Mid (300-500),2000.0
242,The Owl and the Pussycat,English,32.0,1996-05-07,4.19,8199,289,469.8,25,Mid (300-500),1990.0
243,The Pobble Who Has No Toes (Edward Lear's Little Books of Nonsense,English,24.0,1986-03-27,4.58,55,7,484.6,10,Mid (300-500),1980.0
244,The Puffin Book of Nonsense Verse,English,287.0,1996-10-03,4.01,115,9,488.1,10,Mid (300-500),1990.0
245,Henry Miller on Writing,English,217.0,1964-02-01,4.23,1064,58,489.9,25,Mid (300-500),1960.0
246,The Colossus of Maroussi,English,244.0,1975-01-17,3.98,3568,303,482.6,25,Mid (300-500),1970.0
247,Quiet Days in Clichy,English,154.0,1994-01-13,3.67,4549,266,461.2,25,Mid (300-500),1990.0
248,Big Sur and the Oranges of Hieronymus Bosch,English,400.0,1957-01-17,4.02,2746,162,499.8,25,Mid (300-500),1950.0
249,Tropic of Cancer,English,318.0,1994-01-06,3.67,66866,3342,477.6,50,Mid (300-500),1990.0
250,Tropic of Capricorn,English,348.0,1994-01-13,3.78,18221,691,485.0,50,Mid (300-500),1990.0
251,Nexus,English,316.0,1994-01-13,4.1,3697,97,494.6,25,Mid (300-500),1990.0
252,Sexus,English,506.0,1994-01-12,3.97,8912,363,508.4,25,Premium (500-700),1990.0
253,The Air-Conditioned Nightmare,English,292.0,1970-01-17,3.83,3024,183,481.4,25,Mid (300-500),1970.0
254,The Time of the Assassins:  a Study of Rimbaud,English,160.0,1962-01-17,3.94,1069,103,472.6,25,Mid (300-500),1960.0
255,Public Places-Urban Spaces: The Dimensions of Urban Design,English,320.0,2003-03-14,4.12,123,7,495.8,10,Mid (300-500),2000.0
256,Behavior in Public Places,English,248.0,1966-09-01,4.09,255,11,487.4,10,Mid (300-500),1960.0
257,Haunted Places in America: A Guide to Spooked and Spooky Public Places in the United States,English,288.0,2004-10-01,3.42,19,1,464.6,10,Mid (300-500),2000.0
258,"Public Places: My Life in the Theater, with Peter O'Toole and Beyond",English,441.0,2004-05-03,3.82,51,6,495.9,10,Mid (300-500),2000.0
259,Together Alone: Personal Relationships in Public Places,English,320.0,2005-08-08,3.67,12,1,477.8,10,Mid (300-500),2000.0
260,Squares: A Public Place Design Guide for Urbanists,English,208.0,2006-09-01,3.88,8,0,475.0,10,Mid (300-500),2000.0
261,Just in Time! Pastoral Prayers in Public Places,English,80.0,2006-03-01,3.8,5,0,459.0,10,Mid (300-500),2000.0
262,Pike Place Public Market Seafood Cookbook,English,129.0,2005-06-01,3.83,24,2,465.1,10,Mid (300-500),2000.0
263,Art for Public Places: Critical Essays,English,244.0,1989-01-01,4.0,5,1,483.4,10,Mid (300-500),1980.0
264,The Portrait of a Lady,English,797.0,2003-09-30,3.77,74969,2941,529.5,50,Premium (500-700),2000.0
265,The Portrait of a Lady,English,,2003-01-01,3.91,11,3,555.4,10,Premium (500-700),2000.0
266,The Portrait of a Lady,English,,2006-06-25,3.77,74975,2943,549.8,50,Premium (500-700),2000.0
267,Portrait of the Blue Lady: The Character of Melancholy,English,314.0,2004-10-26,4.36,11,1,504.8,10,Premium (500-700),2000.0
268,The Portrait of a Lady,English,704.0,1999-09-16,3.77,74975,2943,520.2,50,Premium (500-700),1990.0
269,The Portrait of a Lady,English,635.0,2004-01-16,3.77,74972,2942,513.3,50,Premium (500-700),2000.0
270,The Portrait of a Lady,English,640.0,2001-04-16,3.77,74975,2943,513.8,50,Premium (500-700),2000.0
271,New Essays on 'the Portrait of a Lady',English,178.0,1990-01-26,4.0,3,0,476.8,10,Mid (300-500),1990.0
272,Portrait of a Lady,English,548.0,1994-08-15,3.77,74975,2943,504.6,50,Premium (500-700),1990.0
273,The Portrait of a Lady,English,4.0,1996-12-01,3.77,74973,2942,450.2,50,Mid (300-500),1990.0
274,The Portrait of a Lady,English,,1998-06-25,3.77,74975,2943,549.8,50,Premium (500-700),1990.0
275,The Lover,English,117.0,1998-09-08,3.74,38283,2842,460.3,50,Mid (300-500),1990.0
276,Hiroshima Mon Amour,French,,1972-10-01,3.9,4259,239,555.0,25,Premium (500-700),1970.0
277,Writing,English,91.0,1999-05-06,3.72,1864,170,456.9,25,Mid (300-500),1990.0
278,The War,English,192.0,1994-08-01,3.85,2416,181,472.2,25,Mid (300-500),1990.0
279,Craniosacral Therapy II: Beyond the Dura,English,259.0,1990-01-01,4.35,48,1,498.9,10,Mid (300-500),1990.0
280,The Ravishing of Lol Stein,English,181.0,1986-03-12,3.66,3441,254,463.5,25,Mid (300-500),1980.0
281,"Destroy, She Said",English,133.0,1986-01-01,3.67,874,80,459.1,10,Mid (300-500),1980.0
282,L'Amour,French,217.0,1998-04-01,3.28,978,105,451.9,10,Mid (300-500),1990.0
283,L'Amant de la Chine du Nord,French,246.0,2002-01-01,3.88,2562,186,478.8,25,Mid (300-500),2000.0
284,A Treasury of Kahlil Gibran,English,456.0,1976-01-01,4.42,1990,78,521.4,25,Premium (500-700),1970.0
285,Love Letters,English,178.0,1999-07-01,3.74,434,32,466.4,10,Mid (300-500),1990.0
286,The Prophet,English,128.0,1995-02-21,4.22,245384,10134,480.6,100,Mid (300-500),1990.0
288,Kahlil Gibran: His Life and World,English,464.0,1998-04-01,4.2,40,4,513.4,10,Premium (500-700),1990.0
289,The Beloved: Reflections on the Path of the Heart,English,102.0,1998-01-01,4.19,399,27,476.8,10,Mid (300-500),1990.0
290,Jesus the Son of Man,English,216.0,1995-02-21,3.99,2309,208,480.2,25,Mid (300-500),1990.0
291,The Broken Wings,English,132.0,2003-03-03,3.93,17607,2154,469.4,50,Mid (300-500),2000.0
292,Sand and Foam,English,100.0,2011-06-14,4.06,5993,658,471.4,25,Mid (300-500),2010.0
293,The Wisdom Of Kahlil Gibran,English,,,4.22,166,5,567.8,10,Premium (500-700),
295,Treasure Island,English,311.0,2001-09-15,3.83,415434,12219,483.3,100,Mid (300-500),2000.0
296,Treasure Island,English,213.0,2004-10-01,3.83,415439,12219,473.5,100,Mid (300-500),2000.0
297,Treasure Island,English,245.0,2005-06-01,3.83,415439,12219,476.7,100,Mid (300-500),2000.0
298,Treasure Island,English,64.0,2003-07-01,3.83,415439,12219,458.6,100,Mid (300-500),2000.0
299,Treasure Island,English,272.0,2002-09-03,3.83,415439,12219,479.4,100,Mid (300-500),2000.0
300,Treasure Island,English,,2005-05-25,3.83,415439,12219,552.2,100,Premium (500-700),2000.0
301,Treasure Island,English,,2005-03-01,3.83,415439,12219,552.2,100,Premium (500-700),2000.0
302,Treasure Island (Great Illustrated Classics,English,232.0,2006-01-31,4.06,3648,106,484.6,25,Mid (300-500),2000.0
303,Cliffs Notes on Stevenson's Treasure Island and Kidnapped,English,80.0,1974-07-24,4.6,5,0,491.0,10,Mid (300-500),1970.0
304,Daniel Deronda,English,796.0,2002-01-01,3.85,23577,1021,532.6,50,Premium (500-700),2000.0
305,George Eliot and Judaism: An Attempt to Appreciate 'Daniel Deronda',English,100.0,2005-05-01,4.33,3,0,482.2,10,Mid (300-500),2000.0
306,Daniel Deronda Notebooks,English,524.0,1996-12-28,3.76,21,0,501.8,10,Premium (500-700),1990.0
307,Daniel Deronda: A Conversation,English,48.0,2004-06-17,4.67,6,0,490.6,10,Mid (300-500),2000.0
309,"Daniel Deronda, V1",English,384.0,2003-07-21,4.31,39,8,509.8,10,Premium (500-700),2000.0
310,Jazz: The First 100 Years (with Audio CD,English,438.0,2005-03-02,4.21,24,0,511.2,10,Premium (500-700),2000.0
311,Essential Jazz: The First 100 Years (with CD-ROM,English,336.0,2004-07-05,4.29,21,1,504.2,10,Premium (500-700),2000.0
312,Flight: 100 Years of Aviation,English,440.0,2002-09-16,4.33,200,14,516.2,10,Premium (500-700),2000.0
313,100 Years of Lynchings,English,270.0,1996-11-22,4.58,130,8,509.2,10,Premium (500-700),1990.0
314,If You Lived 100 Years Ago,English,80.0,1999-09-01,3.91,138,22,463.4,10,Mid (300-500),1990.0
315,Camp Cooking: 100 Years The National Museum of Forest Service History,English,192.0,2004-12-23,4.42,45,1,495.0,10,Mid (300-500),2000.0
317,El Siglo del Espiritu Santo,Spanish,559.0,2006-07-01,3.79,66,3,506.5,10,Premium (500-700),2000.0
318,The Next 100 Years: Predictions to the Nations and the Church of the 21st Century,English,133.0,2004-01-01,4.0,11,2,472.3,10,Mid (300-500),2000.0
319,Disney,English,224.0,2003-02-01,4.01,96,5,481.8,10,Mid (300-500),2000.0
320,One Hundred Years of Solitude,English,417.0,2003-06-24,4.25,782006,4,504.3,96,Premium (500-700),2000.0
321,Cliffs Notes on Garcia Marquez' 100 Hundred Years of Solitude,English,72.0,1984-02-01,4.1,58,8,470.2,10,Mid (300-500),1980.0
322,Cien años de soledad,Spanish,494.0,2003-06-01,4.5,782100,2,512.0,97,Premium (500-700),2000.0
323,Masterwork Studies Series: 100 Years of Solitude,English,176.0,1991-05-01,4.05,205,13,478.6,10,Mid (300-500),1990.0
324,Cien años de soledad,Spanish,448.0,1990-01-01,4.0,782100,1,507.4,97,Premium (500-700),1990.0
325,Cien años de soledad,Spanish,456.0,2000-11-01,4.09,782100,32215,508.2,95,Premium (500-700),2000.0
326,One Hundred Years of Solitude,English,422.0,1998-03-21,4.0,782100,1,504.8,95,Premium (500-700),1990.0
327,Why Zebras Don't Get Ulcers,English,560.0,2004-09-15,4.18,9509,830,522.2,25,Premium (500-700),2000.0
328,Chess for Zebras,English,255.0,2003-12-01,4.35,92,8,498.5,10,Mid (300-500),2000.0
329,What If the Zebras Lost Their Stripes?,English,32.0,1998-09-01,4.16,80,14,468.6,10,Mid (300-500),1990.0
330,On Beyond Zebra!,English,64.0,1955-09-12,4.04,3137,206,467.0,25,Mid (300-500),1950.0
331,Ziggy the Zebra,English,14.0,2000-02-01,4.07,14,0,463.2,10,Mid (300-500),2000.0
332,The Wedding Clause,English,256.0,2005-06-07,3.59,192,27,468.2,10,Mid (300-500),2000.0
333,The Zebra Wall,English,147.0,2005-02-15,3.46,237,30,452.1,10,Mid (300-500),2000.0
334,"\""A\"" Is for Zebra",English,32.0,2006-04-28,3.74,62,27,451.8,10,Mid (300-500),2000.0
335,Lots and Lots of Zebra Stripes,English,32.0,2002-03-01,3.83,40,8,455.4,10,Mid (300-500),2000.0
336,Why Zebras Don't Get Ulcers,English,367.0,1995-03-01,4.18,9511,830,502.9,25,Premium (500-700),1990.0
337,El perfume. Historia de un asesino,Spanish,239.0,2002-06-01,4.02,351593,15257,483.7,100,Mid (300-500),2000.0
338,Jitterbug Perfume,English,352.0,2003-05-01,4.21,71407,3671,502.6,50,Premium (500-700),2000.0
339,"Perfumes, Splashes  Colognes: Discovering and Crafting Your Personal Fragrances",English,176.0,1997-01-11,3.61,66,2,461.0,10,Mid (300-500),1990.0
340,Wonderful World of Collecting Perfume Bottles: Identification & Value Guide,English,176.0,2006-04-01,4.09,11,0,480.2,10,Mid (300-500),2000.0
341,Perfume Dreams: Reflections on the Vietnamese Diaspora,English,143.0,2005-10-21,4.03,234,33,474.5,10,Mid (300-500),2000.0
342,Essence and Alchemy: A Book of Perfume,English,272.0,2001-06-01,4.1,634,48,490.2,10,Mid (300-500),2000.0
343,Perfume: The Story of a Murderer,English,263.0,1987-01-01,4.02,351555,15254,486.1,100,Mid (300-500),1980.0
344,Scents & Sensibilities: Creating Solid Perfumes for Well-Being,English,96.0,2005-06-07,3.87,77,1,463.4,10,Mid (300-500),2000.0
345,Perfume: The Art And Science of Scent,English,,,3.9,63,7,555.0,10,Premium (500-700),
346,The Perfume Guide,English,144.0,2000-08-26,4.06,17,2,475.8,10,Mid (300-500),2000.0
347,Off the Main Sequence: The Other Science Fiction Stories of Robert A. Heinlein,English,738.0,2005-10-01,4.02,269,23,533.6,10,Premium (500-700),2000.0
348,The Door Into Summer,English,304.0,1997-06-17,4.02,23515,1155,490.2,50,Mid (300-500),1990.0
349,The Moon is a Harsh Mistress,English,382.0,1997-07-01,4.15,119275,3948,503.2,100,Premium (500-700),1990.0
350,Stranger in a Strange Land,English,525.0,1991-10-01,3.92,281237,8262,508.3,100,Premium (500-700),1990.0
351,Starman Jones,English,272.0,2005-04-19,3.85,7681,311,480.2,25,Mid (300-500),2000.0
352,The Notebooks of Lazarus Long,English,56.0,2004-08-03,4.07,3614,41,467.4,25,Mid (300-500),2000.0
353,Time Enough for Love,English,589.0,1988-08-15,3.97,33202,861,516.7,50,Premium (500-700),1980.0
354,To Sail Beyond the Sunset,English,434.0,1988-06-01,3.87,10722,223,497.2,50,Mid (300-500),1980.0
355,Job: A Comedy of Justice,English,439.0,1985-10-12,3.78,16930,517,494.1,50,Mid (300-500),1980.0
356,Time for the Stars,English,256.0,2006-08-08,3.97,8300,351,483.4,25,Mid (300-500),2000.0
357,The Long Dark Tea-Time of the Soul,English,307.0,1991-02-15,4.03,82491,1938,490.9,50,Mid (300-500),1990.0
358,Dirk Gently's Holistic Detective Agency,English,247.0,1987-05-15,3.97,126949,3585,482.5,100,Mid (300-500),1980.0
359,The Salmon of Doubt,English,298.0,2005-04-26,3.93,26685,1017,486.0,50,Mid (300-500),2000.0
360,Mostly Harmless,English,240.0,2000-02-01,3.96,114896,2671,481.4,100,Mid (300-500),2000.0
361,"Life, the Universe and Everything",English,232.0,2005-01-01,4.19,201708,3650,489.8,100,Mid (300-500),2000.0
362,Wish You Were Here: The Official Biography of Douglas Adams,English,368.0,2005-12-27,4.14,2828,68,501.4,25,Premium (500-700),2000.0
363,The Long Dark Tea-Time of the Soul,English,,2006-01-01,4.03,82497,1940,560.2,50,Premium (500-700),2000.0
364,The Long Dark Tea-Time of the Soul,English,,1993-06-01,4.03,82497,1940,560.2,50,Premium (500-700),1990.0
365,Dirk Gently's Holistic Detective Agency,English,306.0,2002-01-01,3.97,126944,3585,488.4,100,Mid (300-500),2000.0
366,Velvet: A Novel of Suspense,English,221.0,1993-06-01,2.57,7,3,423.9,10,Mid (300-500),1990.0
367,Douglas Adams's Starship Titanic,English,256.0,1998-10-27,3.61,11550,390,469.0,50,Mid (300-500),1990.0
369,Douglas Adams Starship Titanic: The Official Strategy Guide,English,176.0,1998-06-09,3.69,61,6,464.2,10,Mid (300-500),1990.0
371,The Salmon of Doubt,English,299.0,2003-08-01,3.93,26689,1017,486.1,50,Mid (300-500),2000.0
372,The Salmon of Doubt: Hitchhiking the Galaxy One Last Time,English,7.0,2006-01-01,3.93,26689,1017,456.9,50,Mid (300-500),2000.0
373,The Salmon of Doubt: Hitchhiking the Galaxy One Last Time,English,,2004-04-01,3.93,26689,1017,556.2,50,Premium (500-700),2000.0
374,Salmon Doubts,English,128.0,2004-07-20,3.25,157,31,441.8,10,Mid (300-500),2000.0
375,Salmon of Doubt,English,,2003-01-01,3.93,26689,1017,556.2,50,Premium (500-700),2000.0
376,The Salmon Of Doubt,English,,,3.93,26689,1017,556.2,50,Premium (500-700),
377,Salmon of Doubt: Hitchhiking the Galaxy One Last Time,English,336.0,2003-07-01,3.93,26689,1017,489.8,50,Mid (300-500),2000.0
378,The Phantom Tollbooth,English,256.0,1996-01-01,4.17,258140,10673,491.4,100,Mid (300-500),1990.0
379,A Guide for Using the Phantom Tollbooth in the Classroom,English,48.0,1994-03-01,4.25,16,0,473.8,10,Mid (300-500),1990.0
380,A Colorful Symphony: Full Score,English,68.0,1997-05-01,5.0,1,1,505.8,10,Premium (500-700),1990.0
381,La Caseta Magica (the Phantom Tollbooth,Spanish,,2001-08-01,4.16,258207,10677,565.4,100,Premium (500-700),2000.0
382,The Phantom Tollbooth: A Children's Play in Two Acts,English,68.0,2011-01-12,4.15,103,12,471.8,10,Mid (300-500),2010.0
383,The Phantom Tollbooth,English,,1993-01-01,4.16,258207,10677,565.4,100,Premium (500-700),1990.0
384,A Literature Guide [To] The Phantom Tollbooth Written By Norton Juster; Illustrated By Jules Feiffer,English,85.0,1998-01-01,5.0,2,0,507.5,10,Premium (500-700),1990.0
385,On Bullshit,English,74.0,2005-01-30,3.58,11167,1216,449.6,50,Mid (300-500),2000.0
386,Another Bullshit Night in Suck City,English,347.0,2005-09-12,3.79,10415,978,485.3,50,Mid (300-500),2000.0
387,100 Bullshit Jobs...And How to Get Them,English,320.0,2006-05-02,3.18,177,24,458.2,10,Mid (300-500),2000.0
388,The Business of Bullshit,English,193.0,2006-05-30,3.59,17,3,461.9,10,Mid (300-500),2000.0
389,Bullshit Artist: The 9/11 Leadership Myth,English,326.0,2006-03-28,4.67,6,0,518.4,10,Premium (500-700),2000.0
390,Your Call Is Important to Us: The Truth About Bullshit,English,272.0,2006-05-23,3.43,329,38,463.4,10,Mid (300-500),2000.0
391,Dictionary of Bullshit,English,176.0,2006-04-01,3.13,32,3,441.8,10,Mid (300-500),2000.0
392,"Bullets, Badges, and Bullshit",English,444.0,2006-03-06,5.0,2,0,543.4,10,Premium (500-700),2000.0
393,"Hello, Lied the Agent: And Other Bullshit You Hear as a Hollywood TV Writer",English,342.0,2006-09-01,3.36,58,8,467.6,10,Mid (300-500),2000.0
394,Lincoln at Gettysburg: The Words That Remade America,English,317.0,1993-06-12,4.15,7644,250,496.7,25,Mid (300-500),1990.0
395,Lincoln's Gettysburg Address in Translation,English,36.0,1972-12-31,4.53,6911,179,483.8,25,Mid (300-500),1970.0
396,A. Lincoln'S Gettysburg Addres,English,79.0,2000-10-28,4.0,4,0,466.9,10,Mid (300-500),2000.0
397,The Gettysburg Address,English,32.0,1998-02-02,4.53,6911,179,483.4,25,Mid (300-500),1990.0
398,The Battle of Gettysburg and Lincoln's Gettyburg Address,English,48.0,2004-05-01,4.25,8,3,473.8,10,Mid (300-500),2000.0
399,Underworld,English,827.0,1998-07-09,3.93,27382,2028,538.9,50,Premium (500-700),1990.0
400,Libra,English,480.0,1991-05-01,4.0,14511,889,507.0,50,Premium (500-700),1990.0
401,Don DeLillo's White Noise,English,246.0,2002-08-01,3.69,36,1,471.2,10,Mid (300-500),2000.0
402,Mao II,English,241.0,1992-01-01,3.68,10123,604,470.3,50,Mid (300-500),1990.0
403,Americana,English,377.0,1989-07-06,3.41,5057,408,473.1,25,Mid (300-500),1980.0
404,Running Dog,English,256.0,1989-07-17,3.44,1808,129,462.2,25,Mid (300-500),1980.0
405,Ratner's Star,English,448.0,1989-07-17,3.47,1937,181,482.6,25,Mid (300-500),1980.0
406,Cosmopolis,English,224.0,2004-04-06,3.23,15162,1384,450.6,50,Mid (300-500),2000.0
407,Great Jones Street,English,272.0,1994-01-01,3.47,3054,230,465.0,25,Mid (300-500),1990.0
408,The Names,English,339.0,1989-07-17,3.64,3810,289,478.5,25,Mid (300-500),1980.0
409,Against the Day,English,1085.0,2006-11-21,3.95,9051,827,565.5,25,Premium (500-700),2000.0
410,V.,English,547.0,2005-07-05,3.97,19607,1071,512.5,50,Premium (500-700),2000.0
411,The Crying of Lot 49,English,152.0,1999-04-01,3.69,74396,4663,461.8,50,Mid (300-500),1990.0
412,Gravity's Rainbow,English,784.0,2000-01-01,3.96,40317,3282,535.8,50,Premium (500-700),2000.0
413,Mason & Dixon,English,773.0,2004-01-03,4.09,9562,838,539.9,25,Premium (500-700),2000.0
414,Vineland,English,385.0,1997-09-01,3.69,9820,653,485.1,25,Mid (300-500),1990.0
415,Gravity's Rainbow,English,776.0,2006-10-31,3.96,40313,3282,535.0,50,Premium (500-700),2000.0
416,Slow Learner: Early Stories,English,193.0,1985-04-28,3.5,4246,297,458.3,25,Mid (300-500),1980.0
417,Thomas Pynchon,English,322.0,2003-07-23,3.65,26,3,477.2,10,Mid (300-500),2000.0
418,Been Down So Long It Looks Like Up To Me,English,352.0,1996-08-29,3.8,2929,275,486.2,25,Mid (300-500),1990.0
419,Vintage Didion,English,199.0,2004-01-06,4.09,455,25,482.5,10,Mid (300-500),2000.0
420,The Year of Magical Thinking,English,227.0,2005-10-04,3.89,152942,11018,477.3,100,Mid (300-500),2000.0
422,A Book of Common Prayer,English,272.0,1995-04-11,3.8,3680,345,478.2,25,Mid (300-500),1990.0
423,Where I Was From,English,240.0,2004-09-14,3.87,3663,382,477.8,25,Mid (300-500),2000.0
424,Slouching Towards Bethlehem,English,238.0,2008-10-28,4.19,39878,3014,490.4,50,Mid (300-500),2000.0
425,Democracy,English,234.0,1995-04-25,3.83,2502,233,475.6,25,Mid (300-500),1990.0
426,We Tell Ourselves Stories in Order to Live: Collected Nonfiction,English,1122.0,2006-10-17,4.48,1708,116,590.4,25,Premium (500-700),2000.0
427,Miami,English,240.0,1998-09-29,3.69,1387,138,470.6,25,Mid (300-500),1990.0
428,Play It As It Lays,English,231.0,2005-11-15,3.88,30634,2334,477.3,50,Mid (300-500),2000.0
429,Amazons: An Intimate Memoir by the First Woman Ever to Play in the National Hockey League,English,390.0,1980-01-01,3.72,145,36,486.8,10,Mid (300-500),1980.0
430,Amazons,English,362.0,1981-10-01,3.72,145,36,484.0,10,Mid (300-500),1980.0
431,The New York Trilogy,English,308.0,2006-03-28,3.87,64922,3431,484.6,50,Mid (300-500),2000.0
432,City of Glass,English,203.0,1987-04-07,3.79,15728,1017,470.9,50,Mid (300-500),1980.0
433,The New York Trilogy: City of Glass / Ghosts / The Locked Room,English,384.0,1990-06-25,3.87,64922,3431,492.2,50,Mid (300-500),1990.0
434,Ghosts,English,96.0,1987-07-07,3.64,4908,302,454.2,25,Mid (300-500),1980.0
435,The Locked Room,English,179.0,1986-11-01,3.89,4114,243,472.5,25,Mid (300-500),1980.0
436,La trilogía de Nueva York,Spanish,344.0,1996-03-01,3.87,64922,3431,488.2,50,Mid (300-500),1990.0
438,"New York Trilogy: New York Underground, Trapped, Love and Sex",English,156.0,2000-04-20,5.0,2,0,514.6,10,Premium (500-700),2000.0
439,New York Dreams,English,336.0,2004-08-01,3.7,43,7,480.6,10,Mid (300-500),2000.0
440,New York Nights,English,327.0,2001-04-02,3.54,82,9,473.3,10,Mid (300-500),2000.0
442,New York Trilogy   Whodunit?,English,,,5.0,2,0,599.0,10,Premium (500-700),
443,New York Blues,English,240.0,,3.85,39,4,477.0,10,Mid (300-500),
444,Pyramids of Montauk: Explorations in Consciousness,English,256.0,1995-01-01,3.92,86,2,481.4,10,Mid (300-500),1990.0
445,All My Tomorrows,English,352.0,2003-06-07,4.0,205,18,494.2,10,Mid (300-500),2000.0
446,The Brooklyn Follies,English,306.0,2006-10-17,3.85,23906,1720,483.6,50,Mid (300-500),2000.0
447,Moon Palace,English,320.0,1990-04-01,3.95,21503,994,489.0,50,Mid (300-500),1990.0
448,A Tomb for Anatole: Poetry,English,202.0,2005-06-17,4.35,151,19,493.2,10,Mid (300-500),2000.0
449,Timbuktu,English,181.0,2000-05-01,3.69,12729,1049,464.7,50,Mid (300-500),2000.0
450,Neon Lit: Paul Auster's City of Glass,English,129.0,1994-01-01,3.94,6803,437,469.5,25,Mid (300-500),1990.0
451,True Tales of American Life,English,480.0,,3.88,3114,347,502.2,25,Premium (500-700),
452,The Invention of Solitude: A Memoir,English,192.0,1988-05-05,3.77,12074,1399,469.0,50,Mid (300-500),1980.0
453,The Music of Chance,English,217.0,1991-12-01,3.91,10115,528,477.1,50,Mid (300-500),1990.0
454,Travels in the Scriptorium,English,145.0,2007-01-23,3.24,9303,928,443.1,25,Mid (300-500),2000.0
455,In the Country of Last Things,English,188.0,1988-05-02,3.88,11882,896,473.0,50,Mid (300-500),1980.0
456,Leviathan,English,275.0,1993-09-01,3.96,15632,750,484.9,50,Mid (300-500),1990.0
457,Auggie Wren's Christmas Story,English,48.0,2004-11-02,3.85,1564,177,457.8,25,Mid (300-500),2000.0
458,Oracle Night,English,256.0,2003-12-02,3.79,13898,854,476.2,50,Mid (300-500),2000.0
459,The Random House Book of 20th Century French Poetry,English,690.0,1984-01-12,4.56,174,12,550.4,10,Premium (500-700),1980.0
460,Paul Auster's New York - Promo: Mak.of Amer,English,97.0,1997-09-14,3.89,70,4,464.3,10,Mid (300-500),1990.0
461,The Inner Life of Martin Frost,English,40.0,2006-04-01,3.33,326,24,436.2,10,Mid (300-500),2000.0
462,Disappearances,English,96.0,1989-05-02,3.46,74,2,447.0,10,Mid (300-500),1980.0
463,The Red Notebook: True Stories,English,104.0,2002-06-17,3.78,4113,308,460.6,25,Mid (300-500),2000.0
464,Collected Poems,English,192.0,2004-01-05,3.58,274,23,461.4,10,Mid (300-500),2000.0
465,Paul Auster and Postmodern Quest: On the Road to Nowhere,English,221.0,2002-11-06,4.0,2,0,481.1,10,Mid (300-500),2000.0
466,Timbuktu / Leviathan / Moon Palace,French,1075.0,2002-11-07,4.4,25,1,582.5,10,Premium (500-700),2000.0
467,El libro de las ilusiones,Spanish,344.0,2003-04-28,3.86,22211,1224,487.8,50,Mid (300-500),2000.0
468,An Art of Desire: Reading Paul Auster,English,245.0,1999-01-01,4.0,5,0,483.5,10,Mid (300-500),1990.0
469,Paul Auster,English,254.0,2003-09-18,3.92,12,0,481.2,10,Mid (300-500),2000.0
470,"The Art of Hunger: Essays, Prefaces, Interviews, The Red Notebook",English,368.0,1997-09-01,3.89,455,12,491.4,10,Mid (300-500),1990.0
471,World that is the Book: Paul Auster’s Fiction,English,200.0,2001-11-01,3.6,10,1,463.0,10,Mid (300-500),2000.0
472,Why Write?,English,58.0,,3.8,147,14,456.8,10,Mid (300-500),
473,Beyond the Red Notebook,English,224.0,1995-08-01,4.0,10,0,481.4,10,Mid (300-500),1990.0
474,Paul Auster (French Edition,English,211.0,2000-09-05,4.25,4,0,490.1,10,Mid (300-500),2000.0
475,Collapse: How Societies Choose to Fail or Succeed,English,608.0,2005-12-27,3.92,64994,3350,516.6,50,Premium (500-700),2000.0
476,The Coming Economic Collapse: How You Can Thrive When Oil Costs $200 a Barrel,English,211.0,2006-02-01,3.4,260,31,456.1,10,Mid (300-500),2000.0
477,Collapse of Complex Societies,English,262.0,1990-03-29,4.17,926,114,492.0,10,Mid (300-500),1990.0
478,Bowling Alone: The Collapse and Revival of American Community,English,544.0,2001-08-07,3.81,5676,624,505.8,25,Premium (500-700),2000.0
479,The Collapse of Evolution,English,224.0,1997-11-01,4.14,88,8,487.0,10,Mid (300-500),1990.0
480,Collapse of Burning Buildings: A Guide to Fireground Safety,English,150.0,1988-01-01,4.83,6,0,507.2,10,Premium (500-700),1980.0
481,The Collapse of the Common Good: How America's Lawsuit Culture Undermines Our Freedom,English,272.0,2002-01-29,3.88,67,4,481.4,10,Mid (300-500),2000.0
482,"Armageddon Averted: The Soviet Collapse, 1970-2000",English,245.0,2003-11-16,3.72,731,73,472.3,10,Mid (300-500),2000.0
484,Reinventing the Enemy's Language: Contemporary Native Women's Writings of North America,English,576.0,1998-09-17,4.39,314,23,532.2,10,Premium (500-700),1990.0
485,The Languages of Native North America,English,773.0,2001-06-07,4.54,35,6,557.9,10,Premium (500-700),2000.0
487,Searching for Lost City: On the Trail of America's Native Languages,English,272.0,2003-11-01,3.89,9,2,481.8,10,Mid (300-500),2000.0
488,Indian Sign Language,English,128.0,1969-06-01,4.0,47,4,471.8,10,Mid (300-500),1960.0
489,Along The Clipper Way,English,,,4.08,36,4,562.2,10,Premium (500-700),
490,Along The Clipper Way,English,287.0,1974-01-01,4.08,36,4,490.9,10,Mid (300-500),1970.0
491,"Life And Adventures Of John Nicol, Mariner",English,,,4.0,81,13,559.0,10,Premium (500-700),
492,The Fantastic Inventions of Nikola Tesla,English,351.0,2014-06-12,4.06,255,22,496.5,10,Mid (300-500),2010.0
493,My Inventions,English,88.0,2006-05-17,3.85,8420,553,461.8,25,Mid (300-500),2000.0
494,Wizard: The Life and Times of Nikola Tesla: Biography of a Genius,English,542.0,2001-02-01,3.65,5807,453,499.2,25,Mid (300-500),2000.0
495,"Colorado Springs Notes, 1899-1900",English,439.0,2001-08-01,4.04,27,1,504.5,10,Premium (500-700),2000.0
496,The Lost Journals of Nikola Tesla: HAARP - Chemtrails and the Secret of Alternative 4,English,155.0,2011-12-02,3.94,47,5,472.1,10,Mid (300-500),2010.0
497,Nikola Tesla: A Spark of Genius,English,144.0,1994-10-01,3.95,113,7,471.4,10,Mid (300-500),1990.0
498,Tesla Papers,English,100.0,2000-12-01,4.16,112,2,475.4,10,Mid (300-500),2000.0
499,21st Century Mysteries: Nikola Tesla: Federal Documents and References (CD-ROM,English,23931.0,2006-02-03,5.0,2,0,799.0,10,Luxury (700+),2000.0
500,Problem of Increasing Human Energy,English,112.0,1996-04-01,4.23,289,20,479.4,10,Mid (300-500),1990.0
501,The Tesla Rotating Magnetic Field,English,48.0,2005-12-08,4.0,1,0,463.8,10,Mid (300-500),2000.0
502,Art Invention House,English,319.0,2005-11-08,3.67,9,0,477.7,10,Mid (300-500),2000.0
503,How Invention Begins: Echoes of Old Voices in the Rise of New Machines,English,277.0,2006-07-14,3.82,17,3,479.5,10,Mid (300-500),2000.0
504,The Invention of Peace: Reflections on War and International Order,English,128.0,2001-02-08,3.77,110,9,462.6,10,Mid (300-500),2000.0
505,The Invention of Tradition,English,320.0,1992-01-01,3.97,1123,66,489.8,25,Mid (300-500),1990.0
506,The Story of Inventions,English,354.0,1992-01-28,3.75,75,3,484.4,10,Mid (300-500),1990.0
507,Amazing Leonardo da Vinci Inventions: You Can Build Yourself,English,128.0,2006-01-01,3.88,103,14,467.0,10,Mid (300-500),2000.0
508,The Complete Idiot's Guide to Cashing in On Your Inventions,English,359.0,2001-09-28,4.0,10,0,494.9,10,Mid (300-500),2000.0
509,The Invention of Love,English,112.0,1998-08-10,4.02,1789,111,471.0,25,Mid (300-500),1990.0
510,Sliding Into Home,English,224.0,2005-04-01,3.91,91,20,477.8,10,Mid (300-500),2000.0
511,Boys of Summer,English,249.0,2006-06-27,3.77,511,18,474.7,10,Mid (300-500),2000.0
512,"When Johnny Came Sliding Home: The Post-Civil War Baseball Boom, 1865-1870",English,313.0,2006-06-01,4.63,8,0,515.5,10,Premium (500-700),2000.0
513,Sliding for Home,English,118.0,1990-10-28,1.0,1,1,350.8,10,Mid (300-500),1990.0
514,sliding home,English,,2005-01-01,5.0,1,1,599.0,10,Premium (500-700),2000.0
515,Programming Ruby: The Pragmatic Programmers' Guide,English,828.0,2004-10-26,4.04,1951,70,543.4,25,Premium (500-700),2000.0
516,Programming Ruby: The Pragmatic Programmer's Guide,English,564.0,2000-10-17,4.04,1951,70,517.0,25,Premium (500-700),2000.0
517,Best of Ruby Quiz Volume One,English,298.0,2006-03-01,3.38,26,0,464.0,10,Mid (300-500),2000.0
518,From Java to Ruby,English,160.0,2006-06-28,3.14,29,3,440.6,10,Mid (300-500),2000.0
519,Rails Recipes,English,332.0,2006-06-01,3.56,315,7,474.6,10,Mid (300-500),2000.0
520,Learn to Program,English,149.0,2006-02-07,4.13,541,55,479.1,10,Mid (300-500),2000.0
521,"No Fluff, Just Stuff Anthology",English,256.0,2006-06-20,3.38,26,1,459.8,10,Mid (300-500),2000.0
522,English-Cayuga/Cayuga-English Dictionary,English,750.0,2002-12-28,0.0,0,1,374.0,5,Mid (300-500),2000.0
523,Golding's Lord of the Flies (Cliffs Notes,English,112.0,2000-06-13,3.94,109,12,467.8,10,Mid (300-500),2000.0
524,Lord of the Flies,English,6.0,2005-10-11,3.5,2347406,2,447.2,97,Mid (300-500),2000.0
525,Lord of the Flies,English,315.0,2003-01-01,3.69,2347406,39318,478.1,90,Mid (300-500),2000.0
526,Lord of the Flies,English,291.0,1987-09-01,5.0,2347406,2,475.7,98,Mid (300-500),1980.0
527,Cliffs Notes on Golding's Lord of the Flies,English,70.0,1976-05-28,3.94,109,12,463.6,10,Mid (300-500),1970.0
528,Lord of the Flies (SparkNotes Literature Guides,English,72.0,2002-01-10,3.77,48,5,457.0,10,Mid (300-500),2000.0
529,Lord of the Flies Activity Pack,English,144.0,2001-01-01,5.0,1,0,513.4,10,Premium (500-700),2000.0
530,Lord of the Flies,English,,1999-09-02,2.5,2347406,2,546.6,98,Premium (500-700),1990.0
531,A War Like No Other: How the Athenians & Spartans Fought the Peloponnesian War,English,397.0,2006-09-12,4.12,2143,137,503.5,25,Premium (500-700),2000.0
532,Jack: A Life Like No Other,English,480.0,2001-11-06,3.85,218,26,501.0,10,Premium (500-700),2000.0
533,Like No Other,English,400.0,2005-09-15,3.75,4,0,489.0,10,Mid (300-500),2000.0
534,We Were Not Like Other People,English,216.0,1989-01-01,4.13,15,1,485.8,10,Mid (300-500),1980.0
535,Brandy Station: A Battle Like None Other,English,296.0,2002-01-01,3.0,1,0,448.6,10,Mid (300-500),2000.0
536,The Lovely Bones,English,327.0,2006-09-01,4.5,2076014,2,484.5,94,Mid (300-500),2000.0
537,The Lovely Bones,English,328.0,2003-06-01,3.82,2076239,41090,484.6,95,Mid (300-500),2000.0
538,The Lovely Bones,English,532.0,2004-04-01,3.82,2076242,41090,505.0,99,Premium (500-700),2000.0
539,Lovely in Her Bones,English,224.0,1990-05-13,3.81,1576,56,473.8,25,Mid (300-500),1990.0
542,How to Invest in Self-Storage,English,106.0,2005-09-01,4.11,9,0,474.0,10,Mid (300-500),2000.0
543,USB Mass Storage: Designing and Programming Devices and Embedded Hosts,English,287.0,2006-09-01,3.67,6,1,474.5,10,Mid (300-500),2000.0
544,Storage Area Networks For Dummies,English,432.0,2003-03-07,3.79,70,5,493.8,10,Mid (300-500),2000.0
545,Storage Network Performance Analysis,English,432.0,2003-05-09,3.94,16,0,499.8,10,Mid (300-500),2000.0
546,Complete Home Storge,English,192.0,2003-05-01,3.1,10,0,442.2,10,Mid (300-500),2000.0
547,Taunton's Home Storage Idea Book,English,186.0,2003-11-01,3.68,22,3,464.8,10,Mid (300-500),2000.0
548,Storage Area Network Essentials: A Complete Guide to Understanding and Implementing Sans,English,384.0,2001-11-06,4.06,16,2,499.8,10,Mid (300-500),2000.0
549,Perfect Order: 101 Simple Storage Solutions,English,160.0,1999-03-22,3.6,5,0,459.0,10,Mid (300-500),1990.0
550,Country Living Stylish Storage: Simple Ways to Contain Your Clutter,English,144.0,2002-08-01,3.0,2,0,433.4,10,Mid (300-500),2000.0
551,Simple Handmade Storage: 23 Step-By-Step Weekend Projects,English,128.0,2004-06-09,3.29,7,1,443.4,10,Mid (300-500),2000.0
552,Simple Storage Solutions,English,160.0,2002-05-01,0.0,0,0,315.0,5,Mid (300-500),2000.0
553,Storage (Chic Simple) (Chic Simple Components,English,103.0,1994-11-29,3.14,7,0,434.9,10,Mid (300-500),1990.0
554,Simple Handmade Storage,English,128.0,2004-01-01,3.67,3,0,458.6,10,Mid (300-500),2000.0
555,"The Modern Gentleman: A Guide to Essential Manners, Savvy and Vice",English,341.0,2002-08-27,3.79,387,43,484.7,10,Mid (300-500),2000.0
556,The Chap Manifesto: Revolutionary Etiquette for the Modern Gentleman,English,144.0,2001-10-01,3.92,89,7,470.2,10,Mid (300-500),2000.0
557,The Compleat Gentleman: The Modern Man's Guide to Chivalry,English,256.0,2004-05-01,3.55,195,22,466.6,10,Mid (300-500),2000.0
558,The Last Gentleman (Modern Library,English,442.0,1998-01-12,3.87,2266,168,498.0,25,Mid (300-500),1990.0
559,The Compleat Gentleman: The Modern Man's Guide to Chivalry (Audiofy Digital Audiobook Chips,English,,2004-07-01,3.55,195,22,541.0,10,Premium (500-700),2000.0
560,The Compleat Gentleman: The Modern Man's Guide to Chivalry,English,,2004-11-01,3.55,195,22,541.0,10,Premium (500-700),2000.0
561,The Word of a Gentleman: Meditations for Modern Man,English,208.0,1983-12-01,3.0,1,0,439.8,10,Mid (300-500),1980.0
562,"The Colored Gentleman, a Product of Modern Civilization",English,86.0,1975-01-01,0.0,0,0,307.6,5,Mid (300-500),1970.0
563,CSS Mastery: Advanced Web Standards Solutions,English,255.0,2006-02-01,4.09,1122,47,488.1,25,Mid (300-500),2000.0
564,Head First HTML with CSS & XHTML,English,702.0,2005-12-01,4.16,1337,142,535.6,25,Premium (500-700),2000.0
565,The Zen of CSS Design: Visual Enlightenment for the Web,English,296.0,2005-02-17,3.98,855,29,487.8,10,Mid (300-500),2000.0
566,Stylin' with CSS: A Designer's Guide,English,288.0,2005-05-06,3.73,171,16,477.0,10,Mid (300-500),2000.0
567,CSS Pocket Reference,English,128.0,2004-08-17,3.98,432,15,471.0,10,Mid (300-500),2000.0
568,The CSS Anthology,English,376.0,2004-11-08,3.89,231,20,492.2,10,Mid (300-500),2000.0
569,HTML Utopia,English,520.0,2006-04-21,3.39,49,7,486.6,10,Mid (300-500),2000.0
570,"HTML, XHTML, and CSS (Visual Quickstart Guide",English,456.0,2006-08-01,3.8,583,42,496.6,10,Mid (300-500),2000.0
571,Eric Meyer on CSS: Mastering the Language of Web Design with Cascading Style Sheets,English,352.0,2002-06-28,4.13,305,12,499.4,10,Mid (300-500),2000.0
572,"1,000 Places to See in the U.S.A.  Canada Before You Die",English,1183.0,2007-06-07,4.05,2565,104,579.3,25,Premium (500-700),2000.0
573,1000 Cornish Place Names (Tor Mark Paperbacks,English,32.0,1999-01-01,0.0,0,0,302.2,5,Mid (300-500),1990.0
574,1000 Cornish Place Names Explained,English,40.0,2000-01-01,3.0,1,0,423.0,10,Mid (300-500),2000.0
575,Michelin's Charming Places to Stay in France 2003: 1000 Hotels & Guesthouses for Less Than 80 Euros,English,584.0,2003-04-01,3.17,6,0,484.2,10,Mid (300-500),2000.0
576,1000 Record Covers,Multiple languages,575.0,2005-05-15,3.89,461,47,512.1,10,Premium (500-700),2000.0
577,"The Cover Art Of Blue Note Records, Vol.2",English,,,4.59,17,1,582.6,10,Premium (500-700),
578,Paul Huf: record covers,English,120.0,1999-06-01,0.0,0,0,311.0,5,Mid (300-500),1990.0
579,Virgin All-time Top 1000 Albums,English,320.0,2000-08-08,3.65,31,2,477.0,10,Mid (300-500),2000.0
580,Top 1000 Albums of All Time,English,384.0,1994-10-01,3.8,5,1,489.4,10,Mid (300-500),1990.0
581,100 Albums That Changed Music: And 500 Songs You Need to Hear,English,319.0,2006-08-01,3.55,33,6,472.9,10,Mid (300-500),2000.0
582,1000 Families,English,576.0,2002-12-01,4.0,17,2,516.6,10,Premium (500-700),2000.0
583,"1000 Questions, 1000 Réponses",English,,,4.0,1,0,559.0,10,Premium (500-700),
584,Words of Life: A Religious and Inspirational Album Containing Over 1000 Quotat,English,248.0,1982-03-01,5.0,3,1,523.8,10,Premium (500-700),1980.0
585,The Art of Rock: Posters from Presley to Punk,English,348.0,1999-03-01,4.49,97,8,513.4,10,Premium (500-700),1990.0
586,Art of Modern Rock: The Poster Explosion,English,492.0,2004-11-04,4.12,1299,24,513.0,25,Premium (500-700),2000.0
587,Ambiguous Images: Gender and Rock Art,English,256.0,2003-11-11,3.92,13,2,481.4,10,Mid (300-500),2000.0
588,Roadside Guide to Indian Ruins & Rock Art of the Southwest,English,240.0,2005-01-01,4.22,9,0,491.8,10,Mid (300-500),2000.0
589,A Field Guide to Rock Art Symbols of the Greater Southwest,English,256.0,1992-05-01,4.18,62,5,491.8,10,Mid (300-500),1990.0
590,Guide to Rock Art of the Utah Region: Sites with Public Access,English,245.0,2000-12-31,4.08,13,1,486.7,10,Mid (300-500),2000.0
591,The Rock Art of Texas Indians,English,253.0,1996-01-01,4.1,10,0,488.3,10,Mid (300-500),1990.0
592,Rock Art Savvy: The Responsible Visitor's Guide to Public Sites of the Southwest,English,240.0,2005-10-01,3.0,1,0,443.0,10,Mid (300-500),2000.0
593,The Archaeology of Rock-Art,English,392.0,1999-01-21,4.31,13,0,510.6,10,Premium (500-700),1990.0
594,African Rock Art: Paintings and Engravings on Stone,English,256.0,2001-06-04,4.0,8,1,484.6,10,Mid (300-500),2000.0
595,Flash to the Core: An Interactive Sketchbook by Joshua Davis,English,352.0,2002-07-24,4.13,30,3,499.4,10,Mid (300-500),2000.0
597,Killing Yourself to Live: 85% of a True Story,English,245.0,2006-06-13,3.81,27718,1194,475.9,50,Mid (300-500),2000.0
598,Killing Yourself To Live,English,,,3.81,27718,1194,551.4,50,Premium (500-700),
599,"Sex, Drugs, and Cocoa Puffs: A Low Culture Manifesto",English,272.0,2004-07-02,3.73,69355,3498,475.4,50,Mid (300-500),2000.0
600,"Sex, Drugs and DNA: Science's Taboos Confronted",English,360.0,2006-04-04,3.68,135,18,482.2,10,Mid (300-500),2000.0
601,"Sex, Drugs & Economics: An Unconventional Introduction to Economics",English,263.0,2004-03-08,3.54,122,9,466.9,10,Mid (300-500),2000.0
602,"Sex, Drugs, Rock and Roll",English,136.0,2008-09-01,3.81,307,12,465.0,10,Mid (300-500),2000.0
603,"Sex, Drugs, Gambling, and Chocolate: A Workbook for Overcoming Addictions",English,240.0,2003-08-01,3.94,31,3,480.6,10,Mid (300-500),2000.0
604,"Reefer Madness: Sex, Drugs, and Cheap Labor in the American Black Market",English,310.0,2003-01-01,3.78,6157,430,481.2,25,Mid (300-500),2000.0
605,"Life and Def: Sex, Drugs, Money, + God",English,288.0,2002-09-24,3.81,400,21,480.2,10,Mid (300-500),2000.0
606,The Vice Guide to Sex and Drugs and Rock and Roll,English,362.0,2003-09-01,4.06,592,39,497.6,10,Mid (300-500),2000.0
607,Corporate Vices: What's Gone Wrong with Business?,English,148.0,2002-12-30,2.25,4,0,403.8,10,Mid (300-500),2000.0
608,Grand Theft Auto: Vice City Official Strategy Guide (Bradygames Signature Guides,English,176.0,2002-10-24,4.12,58,1,481.4,10,Mid (300-500),2000.0
609,Grand Theft Auto: Vice City Official Strategy Guide for PC,English,192.0,2003-05-19,4.12,58,1,483.0,10,Mid (300-500),2000.0
610,Grand Theft Auto: Vice City Stories Official Strategy Guide,English,240.0,2006-10-30,4.5,16,0,503.0,10,Premium (500-700),2000.0
611,The Faking of the Vice-President: A Guide to Becoming a Superfluous Leader,English,96.0,1992-05-14,0.0,0,0,308.6,5,Mid (300-500),1990.0
612,"An ABC of Vice: An Insatiable Women's Guide, Alphabetized",English,136.0,2003-09-01,4.36,11,3,487.0,10,Mid (300-500),2000.0
613,On Moral Character: A Practical Guide to Aristotle's Virtues and Vices,English,350.0,1987-08-28,5.0,1,1,534.0,10,Premium (500-700),1980.0
614,Decadent health: A survival guide for elegant people with vice,English,152.0,1985-10-28,0.0,0,0,314.2,5,Mid (300-500),1980.0
615,The Vice-Busting Diet: A 12-Week Plan to Break Your Worst Food Habits and Change Your Life Forever,English,240.0,2006-07-25,3.29,34,2,454.6,10,Mid (300-500),2000.0
616,Vice & Virtue in Everyday Life: Introductory Readings in Ethics,English,594.0,2006-03-01,3.74,106,11,508.0,10,Premium (500-700),2000.0
617,Vice Cream: Over 70 Sinfully Delicious Dairy-Free Delights,English,112.0,2004-02-24,3.82,100,10,463.0,10,Mid (300-500),2000.0
618,Vice DOs & DON'Ts: 10 Years of Vice Magazine's Street Fashion Critiques,English,261.0,2004-09-01,4.16,638,67,491.5,10,Mid (300-500),2000.0
619,Vice,English,419.0,1996-05-02,3.51,564,26,481.3,10,Mid (300-500),1990.0
620,Small Vices,English,384.0,1998-03-01,4.03,5230,252,498.6,25,Mid (300-500),1990.0
621,The Automatic Millionaire: A Powerful One-Step Plan to Live and Finish Rich,English,272.0,2005-12-27,3.94,15924,839,483.8,50,Mid (300-500),2000.0
622,The Automatic Millionaire Homeowner: A Powerful Plan to Finish Rich in Real Estate,English,272.0,2006-03-07,3.82,1547,106,479.0,25,Mid (300-500),2000.0
623,The Automatic Millionaire Workbook: A Personalized Plan to Live and Finish Rich. . . Automatically,English,200.0,2005-01-04,3.75,106,6,469.0,10,Mid (300-500),2000.0
624,The Automatic Millionaire Homeowner,English,,2005-01-01,3.82,1547,106,551.8,25,Premium (500-700),2000.0
625,The Automatic Millionaire: A Powerful One Step Plan To Live And Finish Rich,English,,,3.94,15926,839,556.6,50,Premium (500-700),
626,The Automatic Millionaire Home Study Course,English,,2004-02-01,4.27,11,1,569.8,10,Premium (500-700),2000.0
627,The Automatic Millionaire Workbook,English,240.0,2005-01-25,3.75,106,6,473.0,10,Mid (300-500),2000.0
628,The Automatic Millionaire,English,215.0,,3.94,15926,839,478.1,50,Mid (300-500),
629,Zen and the Art of Motorcycle Maintenance: An Inquiry Into Values,English,540.0,2006-04-25,3.77,208259,8873,503.8,100,Premium (500-700),2000.0
630,The Mouse and the Motorcycle,English,160.0,2006-05-01,3.93,78913,2045,472.2,50,Mid (300-500),2000.0
631,The Essential Guide to Motorcycle Maintenance,English,256.0,2004-01-30,3.99,147,6,484.2,10,Mid (300-500),2000.0
632,The Motorcycle Diaries: Notes on a Latin American Journey,English,175.0,2004-09-01,3.77,34040,1858,467.3,50,Mid (300-500),2000.0
633,The Complete Idiot's Guide to Motorcycles,English,448.0,2005-01-04,3.7,125,12,491.8,10,Mid (300-500),2000.0
634,Motorcycle Owner's Manual,English,112.0,1997-05-26,3.78,54,2,461.4,10,Mid (300-500),1990.0
635,Motorcycle Journeys Through the Southwest,English,432.0,1994-06-01,4.33,3,0,515.4,10,Premium (500-700),1990.0
636,How to Paint Your Motorcycle,English,128.0,2005-11-10,4.0,4,0,471.8,10,Mid (300-500),2000.0
637,How to Restore Your Motorcycle,English,224.0,2000-09-25,3.61,31,2,465.8,10,Mid (300-500),2000.0
638,Motorcycle Journeys Through the Appalachians,English,304.0,2004-08-29,3.79,24,0,481.0,10,Mid (300-500),2000.0
639,Once Upon a Cool Motorcycle Dude,English,32.0,2005-04-01,4.08,1847,287,465.4,25,Mid (300-500),2000.0
640,"Life is a Road, the Soul is a Motorcycle",English,212.0,2003-03-05,3.63,19,3,465.4,10,Mid (300-500),2000.0
641,Motorcycle Touring: Everything You Need to Know,English,160.0,2005-09-05,3.46,24,2,453.4,10,Mid (300-500),2000.0
642,Guidebook to Zen and the Art of Motorcycle Maintenance,English,408.0,1990-11-19,3.73,296,14,489.0,10,Mid (300-500),1990.0
643,Motorcycle Basics Techbook,English,222.0,2002-07-05,3.93,45,2,478.4,10,Mid (300-500),2000.0
644,"How to Ride a Motorcycle: A Rider's Guide to Strategy, Safety, and Skill Development",English,143.0,2005-10-29,3.62,13,1,458.1,10,Mid (300-500),2000.0
645,Motorcycle Camping Made Easy,English,127.0,2002-08-25,3.64,39,3,457.3,10,Mid (300-500),2000.0
646,Motorcycle Journeys Through New England,English,256.0,2003-10-13,3.88,8,0,479.8,10,Mid (300-500),2000.0
647,No Logo,English,528.0,2002-04-06,3.87,28534,1031,506.6,50,Premium (500-700),2000.0
648,Dos Logos,English,444.0,2004-09-01,3.97,116,2,502.2,10,Premium (500-700),2000.0
649,Logo Design Workbook: A Hands-On Guide to Creating Logos,English,240.0,2006-03-01,3.89,308,8,478.6,10,Mid (300-500),2000.0
650,"LOGO Lounge: 2,000 International Identities by Leading Designers",English,191.0,2004-09-01,3.93,123,3,475.3,10,Mid (300-500),2000.0
651,Letterhead and Logo Design 9,English,240.0,2005-09-01,4.24,55,2,492.6,10,Mid (300-500),2000.0
652,Los Logos: A Selected LOGO Collection,English,444.0,2002-10-01,3.96,105,1,501.8,10,Premium (500-700),2000.0
653,The Big Book of Logos 3,English,384.0,2004-03-30,4.18,11,0,504.6,10,Premium (500-700),2000.0
654,Great Short Works of Leo Tolstoy,English,720.0,2004-03-02,4.32,2466,87,543.8,25,Premium (500-700),2000.0
655,The Death of Ivan Ilych and Other Stories,English,304.0,2003-04-01,4.11,11983,721,493.8,50,Mid (300-500),2000.0
656,War and Peace,English,1392.0,1998-06-25,4.12,274156,12184,603.0,100,Premium (500-700),1990.0
657,Tolstoy Lied: A Love Story,English,336.0,2006-09-01,3.47,660,123,471.4,10,Mid (300-500),2000.0
658,The Kingdom of God Is Within You,English,352.0,2006-09-08,4.11,3674,336,498.6,25,Mid (300-500),2000.0
659,Walk in the Light & Twenty-Three Tales,English,351.0,2003-11-20,4.13,389,39,499.3,10,Mid (300-500),2000.0
660,The Poet of Tolstoy Park,English,254.0,2004-12-01,3.94,713,138,482.0,10,Mid (300-500),2000.0
661,Hunters Of Dune,English,528.0,2006-01-01,3.66,13075,423,498.2,50,Mid (300-500),2000.0
662,Atlas Shrugged,English,1168.0,1999-08-01,3.69,360575,17727,563.4,100,Premium (500-700),1990.0
663,For the New Intellectual: The Philosophy of Ayn Rand,English,224.0,1963-12-01,3.69,3013,139,469.0,25,Mid (300-500),1960.0
664,The Fountainhead,English,752.0,2005-04-26,3.87,301877,12392,529.0,100,Premium (500-700),2000.0
665,The Virtue of Selfishness: A New Concept of Egoism,English,176.0,1964-11-01,3.52,12822,599,457.4,50,Mid (300-500),1960.0
666,Ayn Rand Answers: The Best of Her Q & A,English,241.0,2005-11-01,4.14,626,16,488.7,10,Mid (300-500),2000.0
667,Anthem,English,105.0,1999-12-01,3.63,134837,9419,454.7,100,Mid (300-500),1990.0
668,We the Living,English,464.0,1996-01-01,3.92,26495,1402,502.2,50,Premium (500-700),1990.0
669,Capitalism: The Unknown Ideal,English,340.0,1986-07-15,3.89,3899,190,488.6,25,Mid (300-500),1980.0
670,Letters of Ayn Rand,English,681.0,1997-02-01,3.98,477,15,526.3,10,Premium (500-700),1990.0
671,"Philosophy, Who Needs It / Ayn Rand: In",English,276.0,1988-06-01,3.88,2799,125,481.8,25,Mid (300-500),1980.0
672,Sailing for Dummies,English,416.0,2006-06-01,3.95,313,12,498.6,10,Mid (300-500),2000.0
673,The Complete Sailor: Learning the Art of Sailing,English,208.0,1995-03-01,4.31,303,23,492.2,10,Mid (300-500),1990.0
674,Sailing Fundamentals,English,224.0,2005-08-01,3.91,245,13,477.8,10,Mid (300-500),2000.0
675,Sailing from Byzantium: How a Lost Empire Shaped the World,English,335.0,2006-07-25,3.88,788,107,487.7,10,Mid (300-500),2000.0
676,Sailing Alone Around the Room: New and Selected Poems,English,172.0,2002-09-17,4.23,12990,704,485.4,50,Mid (300-500),2000.0
677,Learning to Sail: The Annapolis Sailing School Guide for All Ages,English,112.0,1994-04-22,4.07,43,3,473.0,10,Mid (300-500),1990.0
678,The Greatest Sailing Stories Ever Told: Twenty-Seven Unforgettable Stories,English,286.0,2004-04-01,3.63,64,7,472.8,10,Mid (300-500),2000.0
679,"Sailing Smart: Winning Techniques, Tactics, And Strategies",English,208.0,1987-04-15,4.09,34,0,483.4,10,Mid (300-500),1980.0
680,The Handbook Of Sailing,English,352.0,1992-08-11,4.07,86,12,497.0,10,Mid (300-500),1990.0
681,"Natural Cures \""They\"" Don't Want You to Know about",English,571.0,2004-01-01,3.1,1846,313,480.1,25,Mid (300-500),2000.0
682,More Natural Cures Revealed,English,358.0,2006-05-09,3.4,393,53,470.8,10,Mid (300-500),2000.0
683,Natural Capitalism,English,416.0,2000-10-12,3.99,1763,145,500.2,25,Premium (500-700),2000.0
684,Biology: A Guide to the Natural World,English,777.0,2005-01-01,3.1,62,3,500.7,10,Premium (500-700),2000.0
685,The Natural,English,231.0,2003-07-07,3.63,10263,840,467.3,50,Mid (300-500),2000.0
686,The Natural Speaker,English,192.0,2005-01-28,3.55,92,14,460.2,10,Mid (300-500),2000.0
687,"Natural Hormone Balance for Women: Look Younger, Feel Stronger, and Live Life with Exuberance",English,320.0,2002-01-01,4.07,155,15,493.8,10,Mid (300-500),2000.0
688,Natural Resource Conservation: Management for a Sustainable Future,English,656.0,2004-09-01,3.25,36,2,494.6,10,Mid (300-500),2000.0
689,Natural Disasters [with Online Learning Center Access Code,English,416.0,2003-05-05,3.64,86,4,486.2,10,Mid (300-500),2000.0
690,The End of Print,English,160.0,1995-11-01,4.06,743,15,477.4,10,Mid (300-500),1990.0
691,"Trek David Carson, Recent Werk",English,456.0,2004-03-08,4.23,65,3,513.8,10,Premium (500-700),2000.0
692,David Carson 2ndsight,English,176.0,1997-11-15,4.12,84,4,481.4,10,Mid (300-500),1990.0
693,The Book of Probes,English,573.0,2003-12-29,4.2,54,5,524.3,10,Premium (500-700),2000.0
695,Crossing into Medicine Country: A Journey in Native American Healing,English,336.0,2005-11-09,3.72,75,9,481.4,10,Mid (300-500),2000.0
696,Rockin' Down the Dial: The Detroit Sound of Radio (From Jack the Bellboy to the Big 8,English,288.0,2000-01-01,4.17,6,0,494.6,10,Mid (300-500),2000.0
697,Ortlos: Architecture of the Net.Works,English,216.0,2005-11-01,4.33,3,0,493.8,10,Mid (300-500),2000.0
698,Digging to America,English,277.0,2006-05-02,3.56,20360,2271,469.1,50,Mid (300-500),2000.0
699,"America: A Concise History, Volume 2: Since 1865",English,640.0,2005-02-04,3.85,99,5,517.0,10,Premium (500-700),2000.0
700,Rereading America: Cultural Contexts for Critical Thinking and Writing,English,826.0,2004-01-21,3.81,343,24,534.0,10,Premium (500-700),2000.0
701,"Government in America: People, Politics, and Policy",English,373.0,1997-02-01,3.33,122,14,469.5,10,Mid (300-500),1990.0
702,Modern Latin America,English,528.0,2004-10-07,3.62,381,23,496.6,10,Mid (300-500),2000.0
703,The Plot Against America,English,391.0,2005-09-27,3.77,53754,4357,488.9,50,Mid (300-500),2000.0
704,Covenant with Black America,English,254.0,2006-02-22,3.77,342,22,475.2,10,Mid (300-500),2000.0
705,Democracy in America,English,703.0,2003-03-01,4.03,22819,844,530.5,50,Premium (500-700),2000.0
706,America (The Book): A Citizen's Guide to Democracy Inaction,English,228.0,2004-01-01,3.99,92926,1427,481.4,50,Mid (300-500),2000.0
707,Naked Pictures of Famous People,English,164.0,1999-09-22,3.59,9513,480,459.0,25,Mid (300-500),1990.0
708,Kierkegaard's Relations to Hegel Reconsidered,English,718.0,2003-09-15,4.54,13,1,552.4,10,Premium (500-700),2000.0
709,Econometrics,English,440.0,1998-04-07,3.89,9,1,498.6,10,Mid (300-500),1990.0
710,"Swiss Graphic Design: The Origins and Growth of an International Style, 1920-1965",English,272.0,2006-04-28,4.34,88,6,499.8,10,Mid (300-500),2000.0
711,Swiss Design 2002: Netzwerke / Ra(c)Seaux / Networks,English,226.0,2003-01-01,2.0,1,0,401.6,10,Mid (300-500),2000.0
712,Benzin: Young Swiss Graphic Design,English,336.0,2001-10-01,4.13,8,1,497.8,10,Mid (300-500),2000.0
713,Swiss Design 2004,English,216.0,2004-10-22,0.0,0,0,320.6,5,Mid (300-500),2000.0
714,Swiss Design 2003: Desir Design,English,200.0,2004-02-02,0.0,0,0,319.0,5,Mid (300-500),2000.0
715,The Art of Structural Design: A Swiss Legacy,English,212.0,2003-03-11,4.5,2,0,500.2,10,Premium (500-700),2000.0
716,Swiss Graphic Design,English,224.0,2000-09-01,3.75,20,0,471.4,10,Mid (300-500),2000.0
717,Charted Swiss Folk Designs,English,32.0,1978-01-01,2.0,1,0,382.2,10,Mid (300-500),1970.0
718,Swiss Book: Visual Designs of Swiss Hospitality,English,247.0,1986-01-01,0.0,0,0,323.7,5,Mid (300-500),1980.0
719,Swiss Federal Design Grants 2006,English,192.0,2007-04-01,0.0,0,0,318.2,5,Mid (300-500),2000.0
720,Guitar Chord Encyclopedia: 36 Chords in Each Key,English,312.0,1993-01-01,3.73,15,0,479.4,10,Mid (300-500),1990.0
721,"Incredible Chord Finder: Easy-to-Use Guide to Over 1,100 Guitar Chords",English,104.0,1986-12-01,3.77,13,1,460.2,10,Mid (300-500),1980.0
722,Guitar Case Chord Book in Full Color - Compact Music Guides Series,English,48.0,2002-03-01,4.5,2,0,483.8,10,Mid (300-500),2000.0
723,Chord Workbook for Guitar Volume One,English,176.0,2001-04-01,4.4,5,0,492.6,10,Mid (300-500),2000.0
724,Guitar Chord Bible,English,256.0,2009-08-26,4.19,88,4,492.2,10,Mid (300-500),2000.0
725,"The Guitar Chord Wheel Book: Over 22,000 Chords!",English,336.0,1993-01-01,4.0,8,1,492.6,10,Mid (300-500),1990.0
726,Red Hot Chili Peppers,English,141.0,2005-07-01,4.0,5,0,473.1,10,Mid (300-500),2000.0
727,Jazz Guitar Chord Solos,English,144.0,2004-06-01,3.78,9,1,464.6,10,Mid (300-500),2000.0
728,Mel Bays Guitar Chords,English,48.0,1993-01-01,4.45,20,2,481.8,10,Mid (300-500),1990.0
729,"The Ultimate Guitar Chord Big Book: Over 100,000 Chords!",English,404.0,1998-01-01,0.0,0,0,339.4,5,Mid (300-500),1990.0
730,"Complete Book of Guitar Chords, Scales, and Arpeggios",English,294.0,1992-09-01,3.94,17,2,486.0,10,Mid (300-500),1990.0
731,Mel Bay's Guide to Guitar Chord Progression,English,56.0,1998-12-02,0.0,0,0,304.6,5,Mid (300-500),1990.0
732,Mel Bay's Deluxe Encyclopedia of Guitar Chords,English,144.0,1971-04-01,4.53,17,2,494.6,10,Mid (300-500),1970.0
733,Jazz Guitar Chord System: Private Lessons Series,English,16.0,1999-01-01,4.8,5,0,492.6,10,Mid (300-500),1990.0
734,Tom Kolb: Chord Progressions For Guitar,English,48.0,2003-06-01,3.86,29,1,458.2,10,Mid (300-500),2000.0
735,The First Stage Guitar Chord Chart: Learn How to Play the Most Commonly Played Guitar Chords!,English,8.0,2006-01-01,3.29,21,0,431.4,10,Mid (300-500),2000.0
736,Jazz Guitar Chord Workout,English,23.0,2004-07-01,0.0,0,0,301.3,5,Mid (300-500),2000.0
737,"Picture Chord Encyclopedia: Photos and Diagrams for 2,600 Guitar Chords!",English,266.0,2000-02-01,4.2,35,2,493.6,10,Mid (300-500),2000.0
738,Rhythm Guitar Chord System,English,48.0,1973-07-02,4.4,5,0,479.8,10,Mid (300-500),1970.0
740,The Beatles Guitar Chord Songbook: A-I (Guitar Chord Songbooks,English,232.0,2003-01-01,4.25,8,0,492.2,10,Mid (300-500),2000.0
741,The Compact Rock Guitar Chord Reference,English,48.0,1999-12-01,0.0,0,0,303.8,5,Mid (300-500),1990.0
742,Jazz Guitar Chord Melodies,English,64.0,1996-12-01,3.0,1,0,425.4,10,Mid (300-500),1990.0
743,The Guitar Three-Chord Songbook: Play 50 Rock Hits with Only 3 Easy Chords,English,98.0,2002-08-01,3.88,8,0,464.0,10,Mid (300-500),2000.0
744,The Advanced Guitar Case Chord Book: Compact Reference Library,English,68.0,1992-10-01,3.33,3,0,439.0,10,Mid (300-500),1990.0
746,Guitar Chord Guru: The Chord Book - Your Guide for Success!,English,112.0,2000-02-01,4.27,15,1,481.0,10,Mid (300-500),2000.0
747,Left Hand Guitar Chord Chart,English,4.0,2002-03-01,4.2,5,0,467.4,10,Mid (300-500),2000.0
748,The Jazz Guitar Chord Bible Complete,English,188.0,1999-04-01,3.43,7,0,455.0,10,Mid (300-500),1990.0
749,Children's Songs: Guitar Chord Songbook,English,148.0,2002-09-01,4.5,2,0,493.8,10,Mid (300-500),2000.0
750,Guitar Chord Songbook: Classic Rock,English,237.0,2005-08-01,4.0,4,0,482.7,10,Mid (300-500),2000.0
751,Guitar Chords for Beginners,English,48.0,1986-11-01,0.0,0,0,303.8,5,Mid (300-500),1980.0
752,The Guitar Chord Deck,English,45.0,1999-12-01,5.0,2,0,503.5,10,Premium (500-700),1990.0
753,Joe Pass Guitar Chords,English,24.0,1986-09-18,4.5,30,1,481.4,10,Mid (300-500),1980.0
754,Guitar Picture Chords in Color,English,56.0,2001-08-01,5.0,3,0,504.6,10,Premium (500-700),2000.0
755,Guitar Case Chord Book (Guitar,English,48.0,1992-01-01,4.27,26,0,474.6,10,Mid (300-500),1990.0
756,Captain Henry Morgan,English,,1946-01-01,5.0,1,1,599.0,10,Premium (500-700),1940.0
757,"Guía para la lectura de \""Cien años de soledad\",Spanish,282.0,1987-01-01,2.5,4,1,427.2,10,Mid (300-500),1980.0
758,"Mo huan xian shi zhu yi da shi, Jiaxiya Ma'erkesi (Er shi shi ji wai guo wen xue ping lun cong shu) (Mandarin Chinese Edition",English,283.0,1988-01-01,0.0,0,0,327.3,5,Mid (300-500),1980.0
759,Collected Stories,English,352.0,2008-05-13,4.19,7689,271,501.8,25,Premium (500-700),2000.0
760,Memories of My Melancholy Whores,English,115.0,2006-11-01,3.6,70963,4325,454.5,50,Mid (300-500),2000.0
761,El otoño del patriarca,Spanish,297.0,2004-12-30,3.86,18787,1159,483.1,50,Mid (300-500),2000.0
762,Crónica de una muerte anunciada,Spanish,118.0,2003-10-14,3.97,135546,6761,469.6,100,Mid (300-500),2000.0
763,Cien años de soledad,Spanish,496.0,2006-02-07,3.0,782102,3,512.2,100,Premium (500-700),2000.0
764,Del amor y otros demonios,Spanish,176.0,2006-02-07,3.98,58657,2766,475.8,50,Mid (300-500),2000.0
765,Living to Tell the Tale,English,533.0,2004-10-12,4.0,9847,748,512.3,25,Premium (500-700),2000.0
766,Memoria de mis putas tristes,Spanish,112.0,2004-10-19,3.6,70960,4325,454.2,50,Mid (300-500),2000.0
767,Rumores de Mar,Spanish,219.0,2000-01-01,3.75,4,0,470.9,10,Mid (300-500),2000.0
768,Gabriel García Márquez,German,151.0,1992-01-01,4.4,15,0,490.1,10,Mid (300-500),1990.0
769,Gabriel Garcia Marquez,English,176.0,1984-12-01,4.0,9,0,476.6,10,Mid (300-500),1980.0
770,The Presence of Hemingway in the Short Fiction of Gabriel Garcia Marquez,English,50.0,1994-12-31,3.5,4,0,444.0,10,Mid (300-500),1990.0
771,"The Elegant Universe: Superstrings, Hidden Dimensions, and the Quest for the Ultimate Theory",English,425.0,2004-09-02,4.07,88906,1997,504.3,50,Premium (500-700),2000.0
772,Science and Sensibility: The Elegant Logic of the Universe,English,233.0,2004-07-30,3.6,15,1,466.3,10,Mid (300-500),2000.0
773,The ELEGANT UNIVERSE S.S.,English,,2000-02-03,4.07,88906,1997,561.8,50,Premium (500-700),2000.0
774,Buddhism Pure and Simple,English,140.0,2001-05-01,4.27,33,1,483.8,10,Mid (300-500),2000.0
775,Pure and Simple: The Extraordinary Teachings of a Thai Buddhist Laywoman,English,288.0,2005-05-15,4.22,54,6,496.6,10,Mid (300-500),2000.0
776,Buddhism Plain and Simple,English,176.0,1998-12-29,4.03,7976,505,477.8,25,Mid (300-500),1990.0
777,Buddhism Is Not What You Think: Finding Freedom Beyond Beliefs,English,272.0,2009-09-29,4.08,1071,83,489.4,25,Mid (300-500),2000.0
778,Buddhism: A New Approach,English,128.0,2005-03-30,2.0,1,0,391.8,10,Mid (300-500),2000.0
779,"Unhypnosis: How to Wake Up, Start Over, and Create the Life You're Meant to Live",English,164.0,2005-04-28,3.9,10,0,471.4,10,Mid (300-500),2000.0
780,The Path to Buddha: A Tibetan Pilgrimage,English,144.0,2003-11-18,4.23,40,2,482.6,10,Mid (300-500),2000.0
781,The Shaolin Way: 10 Modern Secrets of Survival from a Shaolin Grandmaster,English,272.0,2005-08-02,3.29,55,11,457.8,10,Mid (300-500),2000.0
782,"Meditation, Compassion & Lovingkindness: An Approach to Vipassana Practice",English,211.0,1996-01-01,3.33,3,1,453.3,10,Mid (300-500),1990.0
783,Now Zen,English,83.0,1995-01-01,4.0,33,2,467.3,10,Mid (300-500),1990.0
786,The Rough Guide to London,English,633.0,2003-11-03,4.04,112,17,523.9,10,Premium (500-700),2000.0
787,The Mini Rough Guide to London,English,363.0,2006-04-01,3.75,8,0,485.3,10,Mid (300-500),2000.0
788,The Rough Guide to London Restaurants 2004 6,English,544.0,2003-11-17,4.04,112,17,515.0,10,Premium (500-700),2000.0
789,The Rough Guide to Walks in London and Southeast England,English,288.0,2003-11-17,4.21,14,1,496.2,10,Mid (300-500),2000.0
790,Rough Guide Directions: London,English,176.0,2004-05-27,3.8,5,3,468.6,10,Mid (300-500),2000.0
791,The Rough Guide 11s Arsenal (Rough Guide 11s S.,English,128.0,2005-01-01,4.0,1,0,471.8,10,Mid (300-500),2000.0
792,London: City Guide,English,466.0,2006-01-01,4.04,748,49,507.2,10,Premium (500-700),2000.0
793,Best of London (Lonely Planet Best Of,English,128.0,2004-09-01,3.89,35,1,467.4,10,Mid (300-500),2000.0
794,London,English,400.0,2002-03-01,4.04,748,49,500.6,10,Premium (500-700),2000.0
796,Lonely Planet Londres,Spanish,,2004-08-01,4.04,748,49,560.6,10,Premium (500-700),2000.0
797,Lonely Planet Londres,Spanish,480.0,2006-05-01,4.04,748,49,508.6,10,Premium (500-700),2000.0
798,Out to Eat London 2001 (Lonely Planet,English,320.0,2000-09-01,3.0,1,0,451.0,10,Mid (300-500),2000.0
799,Out to Eat London 2002 (Lonely Planet Out to Eat,English,295.0,2001-09-01,3.0,1,0,448.5,10,Mid (300-500),2000.0
800,Lonely Planet Londres,French,,,4.04,748,49,560.6,10,Premium (500-700),
801,Lonely Planet London Condensed,English,128.0,2000-04-01,3.5,10,0,451.8,10,Mid (300-500),2000.0
802,Lonely Planet Londres,Spanish,400.0,2003-10-01,4.04,748,49,500.6,10,Premium (500-700),2000.0
803,Lo mejor de Londres (Lonely Planet Best Of,Spanish,128.0,2005-05-01,3.89,35,1,467.4,10,Mid (300-500),2000.0
804,Lonely Planet: Londra,Italian,,2002-01-01,4.04,748,49,560.6,10,Premium (500-700),2000.0
805,"Thai Massage Manual: Natural Therapy for Flexibility, Relaxation, and Energy Balance",English,144.0,2005-08-01,4.13,23,4,478.6,10,Mid (300-500),2000.0
806,Encyclopedia of Thai Massage,English,255.0,2004-10-01,4.24,79,4,494.1,10,Mid (300-500),2000.0
807,Thai Massage: Sacred Body Work,English,288.0,2004-01-05,4.25,28,3,497.8,10,Mid (300-500),2000.0
808,The Thai Massage Workbook,English,70.0,2005-02-01,4.0,3,0,466.0,10,Mid (300-500),2000.0
809,The Art Of Traditional Thai Massage,English,121.0,1990-12-01,4.23,13,1,480.3,10,Mid (300-500),1990.0
810,Thai Yoga Massage: A Dynamic Therapy for Physical Well-Being and Spiritual Energy,English,160.0,2004-03-09,3.95,38,1,473.0,10,Mid (300-500),2000.0
811,Thai Massage,English,128.0,2005-02-08,3.63,8,0,457.0,10,Mid (300-500),2000.0
812,Nuad Thai: Traditional Thai Massage,English,112.0,2005-11-15,3.67,3,0,457.0,10,Mid (300-500),2000.0
813,Thai Massage: A Traditional Medical Technique,English,240.0,2006-10-01,4.07,14,1,485.8,10,Mid (300-500),2000.0
814,Scents (Chic Simple,English,94.0,1993-11-15,4.4,5,3,484.4,10,Mid (300-500),1990.0
815,"Three Nights in August: Strategy, Heartbreak, and Joy Inside the Mind of a Manager",English,287.0,2006-04-04,3.89,7743,315,483.3,25,Mid (300-500),2000.0
816,Cryptonomicon,English,1152.0,2002-11-05,4.24,101326,5365,583.8,100,Premium (500-700),2000.0
817,Le Code Enigma,French,546.0,2001-11-14,4.03,774,30,514.8,10,Premium (500-700),2000.0
818,Cryptonomicon,German,1184.0,2003-05-01,4.24,101329,5365,587.0,100,Premium (500-700),2000.0
819,Cryptonomicon,English,918.0,2000-04-27,4.24,101329,5365,560.4,100,Premium (500-700),2000.0
820,Golgotha,French,420.0,2001-09-04,4.12,503,21,505.8,10,Premium (500-700),2000.0
821,Le Réseau Kinakuta,French,418.0,2001-03-31,4.11,494,23,505.2,10,Premium (500-700),2000.0
822,The Confusion,English,815.0,2005-06-14,4.26,22456,725,550.9,50,Premium (500-700),2000.0
823,Quicksilver,English,927.0,2004-09-21,3.89,39446,2091,547.3,50,Premium (500-700),2000.0
824,The Cobweb,English,448.0,2005-05-31,3.63,3024,182,489.0,25,Mid (300-500),2000.0
825,Zodiac,English,308.0,1995-07-01,3.72,17923,758,478.6,50,Mid (300-500),1990.0
826,The Big U,English,308.0,2001-02-06,3.26,4999,246,460.2,25,Mid (300-500),2000.0
827,"The Diamond Age: Or, a Young Lady's Illustrated Primer",English,499.0,2000-05-02,4.16,86210,3518,515.3,50,Premium (500-700),2000.0
828,Interface,English,640.0,2005-05-31,3.69,5602,332,510.6,25,Premium (500-700),2000.0
829,Odalisque,English,464.0,2006-03-28,4.2,1763,85,513.4,25,Premium (500-700),2000.0
830,Snow Crash,English,438.0,2000-08-02,4.02,242548,9453,503.6,100,Premium (500-700),2000.0
831,Snow Crash,German,534.0,2002-06-01,4.02,242578,9454,513.2,100,Premium (500-700),2000.0
832,Snow Crash: The Official Strategy Guide,English,,,0.0,0,0,399.0,5,Mid (300-500),
834,"Harrington on Hold 'em: Expert Strategy for No-Limit Tournaments, Volume II: The Endgame",English,450.0,2005-06-01,4.17,1624,31,510.8,25,Premium (500-700),2000.0
835,"Harrington on Hold 'em: Expert Strategy for No-Limit Tournaments, Volume I: Strategic Play",English,381.0,2004-12-01,4.24,2223,81,506.7,25,Premium (500-700),2000.0
836,The Good Eye,English,352.0,2006-06-26,0.0,0,0,334.2,5,Mid (300-500),2000.0
837,Angelfish,English,212.0,2006-06-24,5.0,1,0,520.2,10,Premium (500-700),2000.0
839,A Level Ict For Edexcel,English,424.0,2002-03-05,0.0,0,0,341.4,5,Mid (300-500),2000.0
840,The Design of Everyday Things,English,240.0,2002-09-19,4.16,31532,2252,489.4,50,Mid (300-500),2000.0
841,Emotional Design: Why We Love (or Hate) Everyday Things,English,272.0,2005-05-11,3.95,4417,197,484.2,25,Mid (300-500),2000.0
842,The Psychology of Everyday Things,English,257.0,1988-06-13,4.16,31542,2252,491.1,50,Mid (300-500),1980.0
843,Doing Things with Things: The Design and Use of Everyday Objects,English,256.0,2006-09-28,2.6,5,0,428.6,10,Mid (300-500),2000.0
844,Emotional Design: Why We Love (Or Hate) Everyday Things,English,107.0,2004-06-28,3.95,4417,197,467.7,25,Mid (300-500),2000.0
845,Wire,English,148.0,1994-10-01,4.0,2,0,473.8,10,Mid (300-500),1990.0
846,Wild Things: The Material Culture of Everyday Life,English,334.0,2000-12-01,3.53,15,1,473.6,10,Mid (300-500),2000.0
847,9/11 Descent Into Tyranny: The New World Order's Dark Plans to Turn Earth Into a Prison Planet,English,217.0,2002-07-01,3.48,54,6,459.9,10,Mid (300-500),2000.0
848,No Price Too High: A Pentecostal Preacher Becomes Catholic - The Inspirational Story of Alex Jones as Told to Diane Hanson,English,259.0,2006-04-28,4.28,95,14,496.1,10,Mid (300-500),2000.0
850,Creative Thought Remedies,English,156.0,1986-06-01,3.33,3,0,447.8,10,Mid (300-500),1980.0
851,Noise,English,84.0,1998-01-01,4.0,1,0,467.4,10,Mid (300-500),1990.0
852,The Syndicate: Volumes 1 & 2,English,348.0,2005-11-20,3.71,28,8,482.2,10,Mid (300-500),2000.0
853,Seven Mansions of Color,English,160.0,1983-03-01,4.0,11,0,475.0,10,Mid (300-500),1980.0
854,A More Perfect Way,English,,2002-08-01,0.0,0,0,399.0,5,Mid (300-500),2000.0
855,Fields of Gold,English,96.0,2005-09-01,0.0,0,0,308.6,5,Mid (300-500),2000.0
856,The Trust: The Private and Powerful Family Behind The New York Times,English,928.0,2000-09-20,4.01,165,18,552.2,10,Premium (500-700),2000.0
857,Web Standards Solutions: The Markup and Style Handbook,English,253.0,2004-06-09,4.07,338,10,487.1,10,Mid (300-500),2000.0
858,Afro American Artists: A Bio-Bibliographical Directory,English,,1973-01-28,5.0,2,0,599.0,10,Premium (500-700),1970.0
859,CSS Cookbook,English,252.0,2004-08-18,3.88,222,16,479.4,10,Mid (300-500),2000.0
860,Justitiemord: Fallet Keith Cederholm,English,200.0,1983-01-01,0.0,0,0,319.0,5,Mid (300-500),1980.0
861,Rosamin: En Pige Af Folket Fortæller,English,138.0,1975-01-01,5.0,1,0,512.8,10,Premium (500-700),1970.0
862,I Slagbjörnens Spår Berättelser Från Norrlandska Vildmarker Och Småländska Storskogar,English,8.0,1973-01-01,0.0,0,0,299.8,5,Budget (<300),1970.0
863,How to Build a Real Estate Empire: Wisdom from the Best in the Business,English,255.0,2005-09-15,3.5,28,1,464.5,10,Mid (300-500),2000.0
864,The Alchemist,English,192.0,2006-05-02,4.0,2223307,1,473.4,98,Mid (300-500),2000.0
865,The Alchemist,English,197.0,1993-05-01,4.33,2223209,3,473.9,95,Mid (300-500),1990.0
866,"Fullmetal Alchemist, Vol. 9",English,192.0,2006-09-19,4.58,9915,209,501.4,25,Premium (500-700),2000.0
867,Secrets of the Alchemist Dar (A Treasure's Trove,English,144.0,2006-09-26,3.78,51,1,464.6,10,Mid (300-500),2000.0
868,"Fullmetal Alchemist, Vol. 3",English,192.0,2005-09-13,4.56,19107,385,500.6,50,Premium (500-700),2000.0
869,"Fullmetal Alchemist, Vol. 8",English,192.0,2006-07-18,4.57,12960,221,501.0,50,Premium (500-700),2000.0
870,"Fullmetal Alchemist, Vol. 1",English,192.0,2005-05-03,4.51,126053,1743,498.6,100,Mid (300-500),2000.0
871,"Fullmetal Alchemist, Vol. 4",English,192.0,2005-11-15,4.55,12349,394,500.2,50,Premium (500-700),2000.0
872,The Illustrated Alchemist: A Fable about Following Your Dream,English,198.0,1998-11-01,4.0,2223750,1,474.0,96,Mid (300-500),1990.0
873,"Fullmetal Alchemist, Vol. 2",English,192.0,2005-07-05,4.52,16958,551,499.0,50,Mid (300-500),2000.0
874,The Kite Runner,English,324.0,2006-11-06,3.5,2521795,2,503.8,98,Premium (500-700),2000.0
876,Bookclub in a Box Discusses Khaled Hosseini's Novel The Kite Runner,English,80.0,2006-04-06,4.16,158,1,473.4,10,Mid (300-500),2000.0
877,Cambridge Wizard Student Guide the Kite Runner,English,79.0,2006-03-30,3.78,9,1,458.1,10,Mid (300-500),2000.0
878,Una semana de invierno,Spanish,412.0,2004-04-02,4.01,2449,173,500.6,25,Premium (500-700),2000.0
879,The Kite Runner: Experiments in Poetry,English,75.0,1985-01-01,0.0,0,0,306.5,5,Mid (300-500),1980.0
880,Pompeii,English,274.0,2005-11-08,3.82,37019,2487,479.2,50,Mid (300-500),2000.0
881,Pompeii . . . Buried Alive!,English,48.0,1987-10-12,3.99,2530,72,463.4,25,Mid (300-500),1980.0
882,"Pompeii: The History, Life and Art of the Buried City",English,416.0,2010-09-07,4.59,49,11,524.2,10,Premium (500-700),2010.0
883,Pompeii: Lost and Found,English,40.0,2006-01-10,3.72,121,15,451.8,10,Mid (300-500),2000.0
884,Pompeii: Monuments Past and Present,English,56.0,2000-01-06,4.25,12,0,474.6,10,Mid (300-500),2000.0
885,A.D. 62: Pompeii,English,304.0,2003-02-07,3.38,216,41,464.6,10,Mid (300-500),2000.0
886,Pompeii: The Day a City Died,English,216.0,1992-05-18,3.51,94,10,461.0,10,Mid (300-500),1990.0
887,Pompeii: Public and Private Life,English,253.0,1999-01-15,3.45,69,4,462.3,10,Mid (300-500),1990.0
888,The Last Days of Pompeii,English,360.0,2002-12-03,3.59,1948,166,478.6,25,Mid (300-500),2000.0
889,Escape from Pompeii,English,32.0,2003-10-01,4.08,140,25,465.4,10,Mid (300-500),2000.0
890,Of Mice and Men,English,103.0,2002-01-01,3.0,2015002,3,464.5,97,Mid (300-500),2000.0
891,Cliffsnotes on Steinbeck's of Mice and Men,English,80.0,2000-12-07,3.94,49,3,464.6,10,Mid (300-500),2000.0
892,Of Mice and Men,English,1.0,2003-12-01,2.33,2015279,3,454.3,94,Mid (300-500),2000.0
894,Of Mice and Men (SparkNotes Literature Guide,English,72.0,2002-01-10,4.04,24,1,467.8,10,Mid (300-500),2000.0
895,Of Mice and Men,English,,1982-02-01,4.0,2015279,1,554.2,93,Premium (500-700),1980.0
896,Of Mice and Men,English,118.0,1982-02-01,2.67,2015279,3,466.0,95,Mid (300-500),1980.0
897,Of Mice And Men:  A Unit Plan,English,,,5.0,1,0,599.0,10,Premium (500-700),
898,Literature Guide: Of Mice and Men,English,52.0,2005-07-01,3.67,3,1,451.0,10,Mid (300-500),2000.0
899,Of Mice and Men,English,160.0,2001-01-01,3.33,2015025,3,470.2,91,Mid (300-500),2000.0
900,The Game: Penetrating the Secret Society of Pickup Artists,English,464.0,2005-09-06,3.73,26779,1951,494.6,50,Mid (300-500),2000.0
901,Ender's Game,English,324.0,2002-02-01,4.0,1171841,1,503.4,97,Premium (500-700),2000.0
902,The Westing Game,English,182.0,2004-04-12,4.01,175233,11049,477.6,100,Mid (300-500),2000.0
903,The Egypt Game,English,215.0,2009-07-07,3.81,34342,1456,472.9,50,Mid (300-500),2000.0
904,The Game Maker's Apprentice: Game Development for Beginners,English,311.0,2007-10-17,3.94,140,14,487.7,10,Mid (300-500),2000.0
905,The Inner Game of Tennis: The Classic Guide to the Mental Side of Peak Performance,English,134.0,1997-05-27,4.21,11182,925,480.8,50,Mid (300-500),1990.0
906,"Game of Shadows: Barry Bonds, BALCO, and the Steroids Scandal that Rocked Professional Sports",English,352.0,2006-03-23,3.82,5299,213,487.0,25,Mid (300-500),2000.0
907,The City Game,English,224.0,1998-12-01,4.05,284,22,483.4,10,Mid (300-500),1990.0
908,Jim Cramer's Real Money: Sane Investing in an Insane World,English,300.0,2005-03-01,3.69,1959,108,476.6,25,Mid (300-500),2000.0
909,"Jim Cramer's Mad Money: Watch TV, Get Rich",English,240.0,2006-12-05,3.5,803,62,463.0,10,Mid (300-500),2000.0
910,Trading with the Enemy: Seduction and Betrayal on Jim Cramer's Wall Street,English,208.0,2002-03-01,3.74,88,7,469.4,10,Mid (300-500),2000.0
911,The Forewarned Investor: Don't Get Fooled Again by Corporate Fraud,English,221.0,2006-06-01,3.4,5,0,457.1,10,Mid (300-500),2000.0
912,"Rich Dad, Poor Dad",English,204.0,2000-01-01,4.09,404154,15385,483.0,100,Mid (300-500),2000.0
913,Rich Dad Poor Dad Classics - Boxed Set,English,,2001-05-01,4.09,404154,15385,562.6,100,Premium (500-700),2000.0
914,"Rich Dad, Poor Dad 2: Cash Flow Quadrant - Rich Dad's Guide to Financial Freedom",English,320.0,2002-12-05,4.12,42975,1333,495.8,50,Mid (300-500),2000.0
915,A Lonely Resurrection,English,352.0,2013-02-05,4.12,8646,388,499.0,25,Mid (300-500),2010.0
916,And a Hard Rain Fell,English,368.0,2004-03-31,4.13,743,65,501.0,10,Premium (500-700),2000.0
918,Hard Rain,English,368.0,1993-07-27,3.47,47,8,474.6,10,Mid (300-500),1990.0
919,Hard Rain,English,320.0,2003-07-01,3.96,247,13,489.4,10,Mid (300-500),2000.0
920,Hard Rain,English,352.0,1989-03-07,3.71,163,18,482.6,10,Mid (300-500),1980.0
921,Hard Rain: History of the Browning Machine Guns,English,338.0,2002-01-28,5.0,1,0,532.8,10,Premium (500-700),2000.0
922,Hard Rain: Our Head Long Collision with Nature,English,128.0,2006-04-01,4.19,16,2,479.4,10,Mid (300-500),2000.0
923,Hard rain,English,37.0,1984-01-01,4.0,2,0,462.7,10,Mid (300-500),1980.0
924,Hard Rain,English,,2004-01-01,4.36,22,2,573.4,10,Premium (500-700),2000.0
925,A Clean Kill in Tokyo,English,363.0,2002-07-01,3.96,18398,919,493.7,50,Mid (300-500),2000.0
926,Whatever the Weather: When the Rain Falls (Whatever the Weather,English,12.0,2000-10-07,3.25,4,0,430.2,10,Mid (300-500),2000.0
927,The Rain Falls Like Rain: Poems,English,204.0,,0.0,0,0,319.4,5,Mid (300-500),
928,The Rain Falls Like Rain: Poems,English,204.0,1982-01-01,0.0,0,0,319.4,5,Mid (300-500),1980.0
929,Memoirs of a Geisha,English,503.0,2005-11-22,5.0,1761684,2,514.1,98,Premium (500-700),2000.0
930,Memoirs of a Geisha,English,434.0,2005-11-15,3.0,1761699,2,507.2,97,Premium (500-700),2000.0
931,Memoirs of a Geisha,English,497.0,2005-12-01,5.0,1761690,1,513.5,96,Premium (500-700),2000.0
932,Memoirs of a Geisha: A Portrait of the Film,English,144.0,2005-10-20,4.1,155,9,477.4,10,Mid (300-500),2000.0
933,Memoirs of a Geisha,English,497.0,1998-06-04,3.0,1761766,2,513.5,98,Premium (500-700),1990.0
935,Geisha of Gion,English,334.0,2003-05-06,3.89,21703,1334,488.0,50,Mid (300-500),2000.0
936,Memoirs Of A Geisha,English,3.0,2006-01-03,1.0,1761863,1,464.1,99,Mid (300-500),2000.0
937,Memoirs of a Geisha,English,768.0,2006-10-10,3.5,1761852,2,540.6,99,Premium (500-700),2000.0
938,How to Make Anyone Fall in Love with You,English,336.0,1997-09-22,3.58,1152,93,475.8,25,Mid (300-500),1990.0
939,How To Get Laid: The Rules On How To Succeed With Women And How To Make Anyone Fall In Love With You,English,222.0,2000-06-30,3.0,2,0,441.2,10,Mid (300-500),2000.0
940,Self-Help Pak: Love Tactics/How to Make Anyone Fall in Love with You,English,,,5.0,1,0,599.0,10,Premium (500-700),
941,Love As A Foreign Language #5,English,58.0,2006-02-01,3.55,11,2,446.8,10,Mid (300-500),2000.0
942,Los 5 Lenguajes Del Amor De Los Ninos / The Five Languages Of Love For Children,English,252.0,2000-10-20,4.18,20000,1938,491.4,50,Mid (300-500),2000.0
943,Marriage Special Package- 2 books- Five Love Languages/Fight Fair,English,400.0,2003-08-01,4.3,40,10,511.0,10,Premium (500-700),2000.0
944,Jungle Love,English,95.0,2002-08-01,3.41,71,7,444.9,10,Mid (300-500),2000.0
946,Jungle Love,English,95.0,2006-09-01,3.41,71,7,444.9,10,Mid (300-500),2000.0
947,First Impressions,English,250.0,,3.74,7330,378,473.6,25,Mid (300-500),
948,Building Literacy with Love: A Guide for Teachers and Caregivers of Children Birth Through Age 5,English,366.0,2004-11-30,3.63,16,1,480.8,10,Mid (300-500),2000.0
949,One World?,English,24.0,1988-11-01,5.0,1,0,501.4,10,Premium (500-700),1980.0
951,The Five Love Languages: Men's Edition: How to Express Heartfelt Commitment to Your Mate,English,202.0,2004-05-01,4.28,2423,193,490.4,25,Mid (300-500),2000.0
952,The Five Love Languages of Children,English,224.0,1997-06-01,4.18,19998,1938,488.6,50,Mid (300-500),1990.0
953,"Cinco Lenguajes del Amor Para Solteros, Los: Five Love Languages for Singles",English,235.0,2006-03-01,4.13,9624,864,487.7,25,Mid (300-500),2000.0
954,The Five Love Languages of Teenagers,English,272.0,2001-01-01,4.13,2734,321,491.4,25,Mid (300-500),2000.0
955,The 5 Love Languages / The 5 Love Languages Journal,English,,2005-01-01,4.51,43,5,579.4,10,Premium (500-700),2000.0
956,The Five Love Languages: Men's Edition: How to Express Heartfelt Commitment to Your Mate,English,4.0,2005-11-15,4.28,2423,193,470.6,25,Mid (300-500),2000.0
957,Five Love Languages Journal: How To Express Heartfelt Commitment To Your Mate,English,144.0,2005-01-01,4.18,11,2,480.6,10,Mid (300-500),2000.0
958,The Five Love Languages,English,,1997-06-28,4.25,317591,12907,569.0,100,Premium (500-700),1990.0
959,Los Cinco Lenguajes Del Amor/the Five Languages of Love,English,196.0,2004-05-06,4.25,317544,12907,488.6,100,Mid (300-500),2000.0
960,Angels & Demons,English,736.0,2006-04-01,3.0,2764938,2,529.0,98,Premium (500-700),2000.0
961,Angels and Demons: What Do We Really Know About Them?,English,157.0,1995-12-01,4.08,465,33,477.9,10,Mid (300-500),1990.0
962,"Angels, Demons & Gods of the New Millenium: Musings on Modern Magick",English,192.0,1997-09-01,4.1,185,7,482.2,10,Mid (300-500),1990.0
963,Angels and Demons in Art,English,384.0,2005-11-01,4.14,96,9,503.0,10,Premium (500-700),2000.0
964,Secrets of Angels and Demons,English,384.0,2006-03-14,3.52,184,16,478.2,10,Mid (300-500),2000.0
965,Ángeles y demonios,Spanish,508.0,2005-12-01,3.5,2765330,2,506.2,94,Premium (500-700),2000.0
966,Angeles & Demonios,Spanish,18.0,2005-12-01,3.75,2765330,4,457.2,94,Mid (300-500),2000.0
967,"Angel Customers & Demon Customers: Discover Which is Which, and Turbo-Charge Your Stock",English,256.0,2003-06-02,3.4,25,3,460.6,10,Mid (300-500),2000.0
968,The Da Vinci Code,English,489.0,2006-03-28,3.87,1999424,48070,502.7,92,Premium (500-700),2000.0
969,The Da Vinci Code,English,467.0,2006-03-28,4.5,1999725,2,500.5,91,Premium (500-700),2000.0
970,Fodor's Guide to The Da Vinci Code: On the Trail of the Bestselling Novel,English,256.0,2006-11-14,3.62,42,8,469.4,10,Mid (300-500),2000.0
971,The Truth Behind the Da Vinci Code: A Challenging Response to the Bestselling Novel,English,96.0,2004-04-21,3.3,81,7,440.6,10,Mid (300-500),2000.0
972,Da Vinci Code,French,744.0,2005-05-03,5.0,1999725,2,528.2,90,Premium (500-700),2000.0
973,Who Can Crack the Leonardo Da Vinci Code?,English,112.0,2005-04-01,3.53,43,1,451.4,10,Mid (300-500),2000.0
974,The Da Vinci Code: Fact or Fiction?,English,96.0,2004-05-01,3.69,155,15,456.2,10,Mid (300-500),2000.0
975,Deception Point,English,736.0,2006-04-01,3.72,607969,9646,521.4,100,Premium (500-700),2000.0
977,Deception Point,English,585.0,2004-05-01,3.72,607940,9645,506.3,100,Premium (500-700),2000.0
978,Point Deception,English,368.0,2002-05-01,3.72,782,70,484.6,10,Mid (300-500),2000.0
979,Deception Point,English,6.0,2004-11-01,3.72,607997,9647,448.4,100,Mid (300-500),2000.0
980,Deception Point,English,448.0,2005-08-01,3.72,607997,9647,492.6,100,Mid (300-500),2000.0
981,حقيقة الخديعة,Arabic,471.0,2005-01-01,3.72,607997,9647,494.9,100,Mid (300-500),2000.0
982,Deception Point,English,674.0,2006-01-01,3.72,607997,9647,515.2,100,Premium (500-700),2000.0
983,Deception Point,English,736.0,2006-04-01,3.72,607997,9647,521.4,100,Premium (500-700),2000.0
984,A Killing Rain,English,,,4.03,628,54,560.2,10,Premium (500-700),
985,A Killing Rain: The Global Threat of Acid Precipitation,English,206.0,1984-09-12,4.0,2,0,479.6,10,Mid (300-500),1980.0
986,A Killing Rain and Other Stories,English,244.0,2005-05-01,5.0,1,0,523.4,10,Premium (500-700),2000.0
987,A Killing Rain,English,383.0,2005-02-01,4.03,628,54,498.5,10,Mid (300-500),2000.0
988,Winner Take All,English,384.0,2004-06-28,4.14,8080,286,503.0,25,Premium (500-700),2000.0
989,There Wasn't Any Rain or Storm,English,116.0,2002-06-28,5.0,1,0,510.6,10,Premium (500-700),2000.0
990,A Storm Without Rain: A Novel in Time,English,179.0,2004-11-01,4.09,33,10,480.5,10,Mid (300-500),2000.0
991,Eye of the Storm,English,368.0,2002-02-04,3.84,4032,63,489.4,25,Mid (300-500),2000.0
992,Fire in the Rain...Singer in the Storm: An Autobiography,English,288.0,1991-10-28,3.7,27,2,475.8,10,Mid (300-500),1990.0
993,Storm in a Rain Barrel,English,262.0,1991-12-31,3.22,103,16,454.0,10,Mid (300-500),1990.0
994,What Every Investor Needs to Know about Accounting Fraud,English,176.0,2003-12-02,3.27,15,2,447.4,10,Mid (300-500),2000.0
995,What Every Fidelity Investor Needs to Know,English,338.0,2006-11-01,3.86,7,1,487.2,10,Mid (300-500),2000.0
996,What Every Real Estate Investor Needs to Know about Cash Flow... And 36 Other Key Financial Measures,English,261.0,2003-11-25,4.07,867,27,487.9,10,Mid (300-500),2000.0
997,The Real Estate Investor's Tax Guide,English,289.0,1995-12-01,5.0,1,0,527.9,10,Premium (500-700),1990.0
998,The Millionaire Next Door: The Surprising Secrets of America's Wealthy,English,258.0,1998-10-01,4.04,81564,3567,486.4,50,Mid (300-500),1990.0
999,The Millionaire Next Door: The Surprising Secrets of Americas Wealthy,English,272.0,1999-11-01,4.04,81599,3570,487.8,50,Mid (300-500),1990.0
1000,Millionaire Women Next Door: The Many Journeys of Successful American Businesswomen,English,320.0,2004-05-01,3.87,668,73,485.8,10,Mid (300-500),2000.0
1001,Millionaire Women Next Door: The Many Journeys of Successful American Businesswomen,English,368.0,2005-08-01,3.87,668,73,490.6,10,Mid (300-500),2000.0
1002,Retire Dollar $Mart,English,199.0,2005-07-06,0.0,0,0,318.9,5,Mid (300-500),2000.0
1003,The Millionaire Next Door: The Surprising Secrets of America's Wealthy,English,258.0,1998-10-01,4.04,81599,3570,486.4,50,Mid (300-500),1990.0
1004,Think and Grow Rich,English,345.0,2001-10-19,4.18,235800,7289,500.7,100,Premium (500-700),2000.0
1005,Think and Grow Rich: The Landmark Bestseller Now Revised and Updated for the 21st Century,English,320.0,2005-09-01,4.18,235731,7284,498.2,100,Mid (300-500),2000.0
1006,Think and Grow Rich!,English,412.0,2004-10-01,4.18,235776,7287,507.4,100,Premium (500-700),2000.0
1007,Think and Grow Rich,English,368.0,2004-08-07,4.18,235800,7289,503.0,100,Premium (500-700),2000.0
1008,Think and Grow Rich,English,300.0,2005-06-30,4.18,235800,7289,496.2,100,Mid (300-500),2000.0
1009,The Think and Grow Rich Action Pack,English,352.0,1988-08-01,4.18,235800,7289,501.4,100,Premium (500-700),1980.0
1010,Think and Grow Rich,English,260.0,2006-04-13,4.18,235800,7289,492.2,100,Mid (300-500),2000.0
1011,Think and Grow Rich,English,260.0,2005-12-29,4.18,235800,7289,492.2,100,Mid (300-500),2000.0
1013,Think and Grow Rich: Instant Motivator,English,,2003-09-01,4.18,235800,7289,566.2,100,Premium (500-700),2000.0
1014,Pragmatic Version Control: Using Subversion (The Pragmatic Starter Kit Series,English,256.0,2006-06-07,3.59,227,17,468.2,10,Mid (300-500),2000.0
1015,Version Control with Subversion,English,320.0,2004-06-29,3.6,147,11,475.0,10,Mid (300-500),2000.0
1016,Practical Subversion,English,336.0,2004-11-11,3.83,6,0,485.8,10,Mid (300-500),2000.0
1017,Control and Subversion: Gender Relations  in Tajikistan,English,216.0,2004-05-20,4.29,7,0,492.2,10,Mid (300-500),2000.0
1018,Bodies of Subversion: A Secret History of Women and Tattoo,English,176.0,2001-04-09,4.01,490,59,477.0,10,Mid (300-500),2000.0
1019,Politics of Subversion,English,240.0,2005-07-18,3.25,28,1,453.0,10,Mid (300-500),2000.0
1020,Dreams of Subversion in Medieval Jewish Art and Literature,English,200.0,1997-11-13,3.75,8,2,469.0,10,Mid (300-500),1990.0
1021,Recovering Subversion: FEMINIST POLITICS BEYOND THE LAW,English,288.0,2004-07-19,4.33,18,1,501.0,10,Premium (500-700),2000.0
1022,Read My Lips: Sexual Subversion and the End of Gender,English,288.0,2005-06-01,3.97,270,18,486.6,10,Mid (300-500),2000.0
1023,101 Ways to Massively Increase the Value of Your Real Estate without Spending Much Money,English,96.0,2002-02-08,3.93,44,5,465.8,10,Mid (300-500),2000.0
1024,Real Estate Riches: How to Become Rich Using Your Banker's Money,English,197.0,2004-10-20,4.08,4467,34,481.9,25,Mid (300-500),2000.0
1025,The Insider's Guide to 52 Homes in 52 Weeks: Acquire Your Real Estate Fortune Today,English,197.0,2006-01-01,4.0,53,7,478.7,10,Mid (300-500),2000.0
1026,Real Estate Riches (Rich Dad's Advisors (Audio)) [ABRIDGED] (Rich Dad's Advisors (Audio,English,4.0,2006-05-01,4.08,4467,34,462.6,25,Mid (300-500),2000.0
1027,The Insider's Guide to Tax-Free Real Estate Investments: Retire Rich Using Your IRA,English,246.0,2006-11-01,3.0,7,2,443.6,10,Mid (300-500),2000.0
1028,Extraordinary Profits From Ordinary Properties,English,95.0,1997-01-01,2.0,2,0,388.5,10,Mid (300-500),1990.0
1029,The New Zealand Investor's Guide To Making Money In Residential Real Estate,English,61.0,1992-01-01,4.0,4,1,465.1,10,Mid (300-500),1990.0
1031,"Trump: Think Like a Billionaire: Everything You Need to Know About Success, Real Estate, and Life",English,288.0,2005-09-27,3.65,1890,131,473.8,25,Mid (300-500),2000.0
1032,Trump: The Art of the Deal,English,384.0,2004-12-28,3.67,17252,1328,484.2,50,Mid (300-500),2000.0
1033,Trump Strategies for Real Estate: Billionaire Lessons for the Small Investor,English,231.0,2006-02-01,4.1,680,21,486.1,10,Mid (300-500),2000.0
1034,Trump University Real Estate 101: Building Wealth with Real Estate Investments,English,290.0,2006-04-01,3.63,199,11,473.2,10,Mid (300-500),2000.0
1035,Trump: How to Get Rich,English,320.0,2004-12-28,3.36,2466,198,465.4,25,Mid (300-500),2000.0
1036,Trump: The Way to the Top: The Best Business Advice I Ever Received,English,256.0,2004-05-18,3.38,350,31,459.8,10,Mid (300-500),2000.0
1037,Trump,English,,1997-10-27,3.58,423,35,542.2,10,Premium (500-700),1990.0
1038,Trump: Surviving at the Top,English,229.0,1990-08-14,3.51,180,17,462.3,10,Mid (300-500),1990.0
1039,How to Build a Fortune [With CD-ROM with Workbook and Trump Cards and DVD,English,101.0,2006-01-10,2.97,35,4,427.9,10,Mid (300-500),2000.0
1040,Real Estate Goldmine: How to get Rich Investing in Pre-Foreclosures (Audio Business Course,English,114.0,2006-01-01,2.87,31,0,425.2,10,Mid (300-500),2000.0
1041,Trump: The Best Real Estate Advice I Ever Received: 100 Top Experts Share Their Strategies,English,273.0,2006-11-07,3.54,207,20,467.9,10,Mid (300-500),2000.0
1042,Three Master Secrets of Real Estate Success [With CD-ROM with Workbook and Trump Cards,English,97.0,2006-01-01,3.25,24,0,438.7,10,Mid (300-500),2000.0
1043,I Ain't Scared of You: Bernie Mac on How Life Is,English,176.0,2003-05-01,4.12,154,13,481.4,10,Mid (300-500),2000.0
1044,Maybe You Never Cry Again,English,304.0,2004-10-12,4.27,444,82,500.2,10,Premium (500-700),2000.0
1045,Bernie Mac,English,32.0,2006-07-01,5.0,2,0,502.2,10,Premium (500-700),2000.0
1046,Love Medicine and Miracles CD-ROM for Windows & Mac,English,,1995-11-01,4.26,4055,154,569.4,25,Premium (500-700),1990.0
1047,The Beginner's Guide to Real Estate Investing,English,296.0,2004-04-09,3.71,77,7,477.0,10,Mid (300-500),2000.0
1048,The Art of Deals and Dreams: The Complete Beginner's Guide to Intelligent Real Estate Investing.,English,154.0,2005-04-20,5.0,1,0,514.4,10,Premium (500-700),2000.0
1049,Jump Start: A Beginner's Guide to Basic Real Estate Investing,English,142.0,2006-06-09,0.0,0,0,313.2,5,Mid (300-500),2000.0
1050,Riches in Real Estate: A Beginner's Guide to Group Investing,English,209.0,1981-11-01,0.0,0,0,319.9,5,Mid (300-500),1980.0
1051,Investing Without Losing: The Beginner's Guide to Real Estate Tax Lien and Tax Deed Auctions,English,108.0,2006-10-01,4.0,2,0,469.8,10,Mid (300-500),2000.0
1052,The Richest Man in Babylon,English,194.0,2008-02-01,4.26,121798,6650,488.8,100,Mid (300-500),2000.0
1053,The Richest Man in Babylon,English,4.0,2005-06-17,4.26,121865,6657,469.8,100,Mid (300-500),2000.0
1054,Richest Man In Babylon For Today,English,150.0,2004-01-06,3.9,68,9,470.0,10,Mid (300-500),2000.0
1055,The Richest Man in Babylon: 2the Success Secrets of the Ancients,English,,1989-06-30,4.26,121865,6657,569.4,100,Premium (500-700),1980.0
1056,The Richest Man in Babylon: The Success Secrets of the Ancients,English,,1955-12-01,4.26,121865,6657,569.4,100,Premium (500-700),1950.0
1057,The Richest Man in Babylon,English,60.0,1974-01-01,4.15,121,7,471.0,10,Mid (300-500),1970.0
1058,The Richest Man In Babylon,English,,,4.26,121865,6657,569.4,100,Premium (500-700),
1059,Shibumi,English,480.0,2005-05-10,4.21,14306,947,515.4,50,Premium (500-700),2000.0
1060,Shibumi and the Kitemaker,English,48.0,2003-01-01,4.08,88,20,467.0,10,Mid (300-500),2000.0
1061,Trevanian: Four Complete Novels: The Eiger Sanction / The Loo Sanction / The Main / Shibumi,English,750.0,1984-09-23,4.33,120,7,547.2,10,Premium (500-700),1980.0
1062,Shibumi,English,400.0,2005-10-01,4.21,14310,948,507.4,50,Premium (500-700),2000.0
1063,Shibumi,English,415.0,1980-12-11,4.21,14310,948,508.9,50,Premium (500-700),1980.0
1064,Shibumi,English,,2005-10-01,4.21,14310,948,567.4,50,Premium (500-700),2000.0
1065,Shibumi,English,,2005-10-01,4.21,14310,948,567.4,50,Premium (500-700),2000.0
1066,Shibumi,English,,1983-01-01,4.21,14310,948,567.4,50,Premium (500-700),1980.0
1067,1776,English,386.0,2006-07-04,4.06,197224,7408,500.0,100,Mid (300-500),2000.0
1068,1776,English,192.0,1976-11-18,4.21,1336,34,486.6,25,Mid (300-500),1970.0
1069,"The Fate of Empire, 1776-2000",English,,2003-05-16,4.06,976,62,561.4,10,Premium (500-700),2000.0
1070,"The Highland Scots of North Carolina, 1732-1776",English,230.0,1987-08-24,3.83,63,7,475.2,10,Mid (300-500),1980.0
1071,"The 1776 Quilt: Heartache, Heritage, and Happiness",English,176.0,2007-01-15,4.44,9,0,494.2,10,Mid (300-500),2000.0
1072,Delaware 1638-1776,English,112.0,2006-08-08,5.0,1,0,510.2,10,Premium (500-700),2000.0
1073,"The Crescent Obscured: The United States and the Muslim World, 1776-1815",English,284.0,2000-07-15,3.63,46,6,472.6,10,Mid (300-500),2000.0
1074,If You Were There in 1776,English,144.0,1994-05-01,3.78,23,5,464.6,10,Mid (300-500),1990.0
1075,Gap Creek,English,352.0,2001-08-28,3.74,50490,1668,483.8,50,Mid (300-500),2000.0
1076,Gap Creek,English,336.0,2000-10-02,3.74,50488,1668,482.2,50,Mid (300-500),2000.0
1077,Gap Creek,English,326.0,,3.74,50490,1668,481.2,50,Mid (300-500),
1078,The Good Earth,English,418.0,2009-03-04,3.99,227263,10117,500.4,100,Premium (500-700),2000.0
1079,For the Good of the Earth and Sun: Teaching Poetry,English,188.0,1989-06-30,4.27,79,8,488.6,10,Mid (300-500),1980.0
1080,The Good Earth (Cliffs Notes,English,64.0,1974-11-29,4.18,11,0,472.6,10,Mid (300-500),1970.0
1081,The Eco-Foods Guide: What's Good for the Earth is Good for You!,English,288.0,2002-10-01,2.9,10,2,443.8,10,Mid (300-500),2000.0
1083,The Good Earth,English,260.0,1958-01-01,3.99,227281,10118,484.6,100,Mid (300-500),1950.0
1084,From the Good Earth: A Celebration of Growing Food Around the World,English,168.0,1993-04-01,4.22,36,6,484.6,10,Mid (300-500),1990.0
1085,Good Earth,English,260.0,1987-02-27,3.99,227281,10118,484.6,100,Mid (300-500),1980.0
1086,Walk Gently This Good Earth,English,,,3.5,88,11,539.0,10,Premium (500-700),
1088,The Purpose-Driven Life,English,,,3.94,235675,3352,556.6,100,Premium (500-700),
1089,Daily Inspiration for the Purpose Driven Life: Scriptures and Reflections from the 40 Days of Purpose,English,285.0,2004-03-11,4.4,2743,88,503.5,25,Premium (500-700),2000.0
1090,Purpose Driven Life - For Commuters: What on Earth Am I Here For?,English,5.0,2005-03-15,3.94,235684,3353,457.1,100,Mid (300-500),2000.0
1091,Purpose Driven Life Journal: What on Earth Am I Here For?,English,160.0,2002-11-10,4.23,1264,66,484.2,25,Mid (300-500),2000.0
1093,Purpose Driven Life,English,336.0,2002-01-01,3.94,235684,3353,490.2,100,Mid (300-500),2000.0
1095,A Catholic Perspective On The Purpose Driven Life,English,112.0,2006-01-01,3.82,17,2,463.0,10,Mid (300-500),2000.0
1096,Daily Inspiration for the Purpose Driven Life,English,288.0,2004-09-05,4.4,2743,88,503.8,25,Premium (500-700),2000.0
1097,Fast Food Nation: The Dark Side of the All-American Meal,English,399.0,2005-07-05,3.74,201633,5418,488.5,100,Mid (300-500),2000.0
1098,Fast Food Nation: The Dark Side of the All-American Meal,English,356.0,,3.74,201637,5418,484.2,100,Mid (300-500),
1099,Fast Food Nation: What The All-American Meal is Doing to the World,English,384.0,2002-04-04,3.74,201637,5418,487.0,100,Mid (300-500),2000.0
1100,Fast Food Nation: The Dark Side of the All-American Meal,English,383.0,2006-10-01,3.74,201637,5418,486.9,100,Mid (300-500),2000.0
1101,Fast Food/ Fast Food Nation (Actualidad,English,479.0,2003-02-28,3.74,201637,5418,496.5,100,Mid (300-500),2000.0
1102,Fast Food Nation: What the All-American Meal Is Doing to the World,English,400.0,2007-03-01,3.74,201637,5418,488.6,100,Mid (300-500),2000.0
1103,Snow Flower and the Secret Fan,English,269.0,2006-02-21,4.07,346786,18005,488.7,100,Mid (300-500),2000.0
1104,Do You Want to Know a Secret?: The Story of the Official George Harrison Fan Club,English,182.0,2005-12-29,5.0,4,0,517.2,10,Premium (500-700),2000.0
1106,Secrets of the Super [Football] Athletes: Tips for Fans and Players,English,,1982-07-15,5.0,1,0,599.0,10,Premium (500-700),1980.0
1107,Grandma's Little Secrets,English,57.0,1999-01-01,0.0,0,0,304.7,5,Mid (300-500),1990.0
1108,All Men Have Secrets,English,256.0,1995-11-28,3.89,37,4,480.2,10,Mid (300-500),1990.0
1109,Kakyō Shōhō No Hiden: Chūgoku Koten No Chie,English,256.0,1987-01-01,0.0,0,0,324.6,5,Mid (300-500),1980.0
1110,The Broker,English,422.0,2006-09-26,3.79,85309,2959,492.8,50,Mid (300-500),2000.0
1111,The Power Broker: Robert Moses and the Fall of New York,English,1246.0,1975-07-12,4.38,15965,1596,598.8,50,Premium (500-700),1970.0
1112,The Complete Idiot's Guide to Success as a Mortgage Broker,English,352.0,2006-06-06,2.6,5,0,438.2,10,Mid (300-500),2000.0
1113,21 Things I Wish My Broker Had Told Me: Practical Advice for New Real Estate Professionals,English,200.0,2002-06-05,3.58,98,6,462.2,10,Mid (300-500),2000.0
1114,So You Want to Be a Mortgage Broker,English,145.0,2004-10-01,1.6,5,0,377.5,10,Mid (300-500),2000.0
1115,Body Brokers: Inside America's Underground Trade in Human Remains,English,240.0,2006-03-07,3.8,276,52,475.0,10,Mid (300-500),2000.0
1116,"The Devil's Broker: Seeking Gold, God, and Glory in Fourteenth- Century Italy",English,416.0,2006-06-27,3.93,328,50,497.8,10,Mid (300-500),2000.0
1117,The Power Broker: A Novel,English,320.0,2006-07-25,3.77,894,53,481.8,10,Mid (300-500),2000.0
1118,Broker to Broker: Management Lessons from America's Most Successful Real Estate Companies,English,304.0,2005-10-01,3.78,9,0,480.6,10,Mid (300-500),2000.0
1119,The Rational Guide to SQL Server 2005 Service Broker (Rational Guides,English,223.0,2006-06-30,3.29,7,0,452.9,10,Mid (300-500),2000.0
1120,Body For Life: 12 Weeks to Mental and Physical Strength,English,201.0,1999-06-10,3.74,4063,286,468.7,25,Mid (300-500),1990.0
1121,Body for Life for Women: A Woman's Plan for Physical and Mental Transformation,English,288.0,2005-04-01,3.64,577,77,473.4,10,Mid (300-500),2000.0
1122,Body for Life Success Journal,English,312.0,2002-11-26,4.04,181,2,491.8,10,Mid (300-500),2000.0
1123,"Eating for Life: Your Guide to Great Health, Fat Loss and Increased Energy!",English,405.0,2003-11-26,3.96,843,52,497.9,10,Mid (300-500),2000.0
1124,"Body for Life for Women: 12 Weeks to a Firm, Fit, Fabulous Body at Any Age",English,288.0,2005-06-03,3.64,577,77,473.4,10,Mid (300-500),2000.0
1125,Body Life: The Book That Inspired a Return to the Church's Real Meaning and Mission,English,272.0,1995-08-01,4.2,86,6,494.2,10,Mid (300-500),1990.0
1126,"One Body, One Life: Six Weeks to the New You",English,288.0,2006-04-20,3.3,10,0,459.8,10,Mid (300-500),2000.0
1127,Body Piercing Saved My Life: Inside the Phenomenon of Christian Rock,English,291.0,2006-06-01,3.61,292,45,472.5,10,Mid (300-500),2000.0
1128,Life in His Body,English,160.0,1995-01-28,3.6,10,0,459.0,10,Mid (300-500),1990.0
1129,"Bill Phillips Body For Life Two-Book Set (Body For Life, Body for Life Success Journal",English,536.0,2003-11-04,4.38,13,0,527.8,10,Premium (500-700),2000.0
1130,The Warren Buffett Way,English,245.0,2005-10-01,4.17,13015,339,490.3,50,Mid (300-500),2000.0
1131,The Warren Buffett Portfolio: Mastering the Power of the Focus Investment Strategy,English,256.0,2000-11-20,4.18,1296,35,491.8,25,Mid (300-500),2000.0
1132,Buffettology: The Previously Unexplained Techniques That Have Made Warren Buffett the World's Most Famous Investor,English,320.0,1999-06-08,3.96,2781,98,489.4,25,Mid (300-500),1990.0
1133,Trade Like Warren Buffett,English,246.0,2005-02-01,3.6,82,8,467.6,10,Mid (300-500),2000.0
1134,Warren Buffett Speaks: Wit and Wisdom from the World's Greatest Investor,English,208.0,1997-03-28,3.88,1078,58,475.0,25,Mid (300-500),1990.0
1135,How to Think Like Benjamin Graham and Invest Like Warren Buffett,English,224.0,2002-10-11,3.81,236,10,473.8,10,Mid (300-500),2000.0
1136,J. K. Lasser's Pick Stocks Like Warren Buffett,English,304.0,2001-10-26,3.45,11,3,467.4,10,Mid (300-500),2000.0
1137,Warren Buffett Wealth: Principles and Practical Methods Used by the World's Greatest Investor,English,272.0,2004-03-29,4.0,57,6,486.2,10,Mid (300-500),2000.0
1138,The Warren Buffett CEO: Secrets from the Berkshire Hathaway Managers,English,432.0,2003-04-18,4.08,266,16,505.4,10,Premium (500-700),2000.0
1139,"The Real Warren Buffett: Managing Capital, Leading People",English,228.0,2004-03-11,4.0,108,8,481.8,10,Mid (300-500),2000.0
1140,Of Permanent Value: The Story of Warren Buffett,English,1722.0,2005-08-01,4.07,193,6,634.0,10,Premium (500-700),2000.0
1141,Warren Buffett: : Master of the Market,English,224.0,1999-12-01,3.53,15,0,462.6,10,Mid (300-500),1990.0
1142,The Winning Investment Habits of Warren Buffett & George Soros,English,368.0,2006-08-22,4.03,446,25,497.0,10,Mid (300-500),2000.0
1143,Warren Buffett: The Good Guy of Wall Street,English,304.0,1995-01-12,4.09,11,0,493.0,10,Mid (300-500),1990.0
1144,Warren Buffett: An Illustrated Biography of the World's Most Successful Investor,English,160.0,2004-12-14,3.83,106,19,468.2,10,Mid (300-500),2000.0
1145,A Weekend with Warren Buffett: And Other Shareholder Meeting Adventures,English,250.0,2007-03-01,3.63,49,8,469.2,10,Mid (300-500),2000.0
1146,Warren Buffett Speaks: Wit and Wisdom of the World's Greatest Investor,English,3.0,1997-04-01,3.88,1078,58,454.5,25,Mid (300-500),1990.0
1147,"Of Permanent Value: The Story of Warren Buffett, 1998 Edition",English,800.0,1998-09-01,4.07,193,6,541.8,10,Premium (500-700),1990.0
1148,Los Ensayos De Warren Buffett,English,219.0,,4.39,5833,175,496.5,25,Mid (300-500),
1149,Die Essays Von Warren Buffett,English,,,4.39,5833,175,574.6,25,Premium (500-700),
1150,The Buffettology Workbook: Value Investing The Warren Buffett Way,English,192.0,2001-01-03,3.96,116,5,476.6,10,Mid (300-500),2000.0
1151,Warren Buffett (Business Masterminds,English,,,3.6,55,8,543.0,10,Premium (500-700),
1152,Warren Buffett,Spanish,,2003-12-01,4.13,40,1,564.2,10,Premium (500-700),2000.0
1153,The Midas Touch: The Strategies That Have Made Warren Buffett America's Pre-Eminent Investor,English,207.0,1987-05-01,3.66,47,3,466.1,10,Mid (300-500),1980.0
1154,101 Reasons to Own the World's Greatest Investment: Warren Buffett's Berkshire Hathaway,English,270.0,2003-04-17,3.65,31,0,472.0,10,Mid (300-500),2000.0
1155,Buffett: The Making of an American Capitalist,English,496.0,1996-08-18,4.15,13592,367,514.6,50,Premium (500-700),1990.0
1156,Of Permanent Value: The Story of Warren Buffet,English,1489.0,2002-11-01,4.07,193,6,610.7,10,Premium (500-700),2000.0
1157,"Of Permanent Value: The Story of Warren Buffett, Updated and Expanded Edition",English,1178.0,2001-02-01,4.07,193,6,579.6,10,Premium (500-700),2000.0
1158,Investimentos: Os Segredos De George Soros E Warren Buffett,English,,,4.03,446,25,560.2,10,Premium (500-700),
1159,"Of Permanent Value: The Story of Warren Buffett/More in '04, California Edition",English,1500.0,2003-12-01,4.07,193,6,611.8,10,Premium (500-700),2000.0
1160,Damn Right!: Behind the Scenes with Berkshire Hathaway Billionaire Charlie Munger,English,304.0,2003-05-23,4.15,1636,71,495.4,25,Mid (300-500),2000.0
1161,Of Permanent Value : The Story of Warren Buffett/Monster Millennium Edition,English,1162.0,2000-08-10,4.07,193,6,578.0,10,Premium (500-700),2000.0
1162,Monkey Business: Swinging Through the Wall Street Jungle,English,288.0,2001-04-01,3.96,5003,165,486.2,25,Mid (300-500),2000.0
1163,Monkey Business,English,32.0,2004-08-01,4.18,142,32,469.4,10,Mid (300-500),2000.0
1164,Monkey Business: True Story of the Scopes Trial,English,368.0,2005-05-15,3.11,27,8,460.2,10,Mid (300-500),2000.0
1165,"Mice, Morals, & Monkey Business",English,64.0,2005-09-07,3.67,39,8,452.2,10,Mid (300-500),2000.0
1166,Hank the Cowdog and Monkey Business,English,128.0,1998-08-01,4.09,601,20,475.4,10,Mid (300-500),1990.0
1167,Junie B. Jones and a Little Monkey Business,English,68.0,1993-02-16,4.0,12351,697,465.8,50,Mid (300-500),1990.0
1168,Monkey Business: Are Yor Controlling Events or Are Events Controlling You?,English,164.0,2000-09-01,4.11,18,2,479.8,10,Mid (300-500),2000.0
1169,Monkey Business,English,392.0,2004-09-24,3.67,3423,71,485.0,25,Mid (300-500),2000.0
1170,Monkey Business,English,32.0,1995-10-01,3.68,40,4,449.4,10,Mid (300-500),1990.0
1171,Liar's Poker,English,256.0,1990-10-01,4.15,84689,2284,490.6,50,Mid (300-500),1990.0
1172,Liar's Poker,English,298.0,,4.15,84689,2284,494.8,50,Mid (300-500),
1173,Liar's Poker,English,256.0,1989-11-01,4.15,84689,2284,490.6,50,Mid (300-500),1980.0
1174,Liars Poker: A Winning Strategy,English,70.0,1982-01-01,3.87,30,1,460.8,10,Mid (300-500),1980.0
1175,"Liar's Poker: The Great Powers, Yugoslavia and the Wars of the Future",English,202.0,2004-09-01,4.0,9,1,479.2,10,Mid (300-500),2000.0
1176,Liars Poker Rising Through The Wreckage/International Edition,English,,,4.15,84689,2284,565.0,50,Premium (500-700),
1177,Liar's Poker: A Harry Garnish Mystery,English,214.0,1993-06-01,3.31,13,1,452.8,10,Mid (300-500),1990.0
1178,Weight Watchers Simply the Best Italian: More than 250 Classic Recipes from the Kitchens of Italy,English,328.0,1999-09-15,3.84,38,0,485.4,10,Mid (300-500),1990.0
1179,"Simply Italian: 100 Easy-To-Make, Zesty, Satisfying Favorites",English,161.0,1999-03-31,5.0,1,0,515.1,10,Premium (500-700),1990.0
1180,Simply Bruschetta: Garlic Toast the Italian Way,English,94.0,2001-01-01,3.75,4,2,458.4,10,Mid (300-500),2000.0
1181,"Simply Italian: Easy Recipes That Are Quick to Prepare, Low in Calories, and Kind to Your Budget",English,192.0,1997-04-01,4.0,1,1,478.2,10,Mid (300-500),1990.0
1182,Simply Italian More Than Quick and Easy,English,64.0,1993-09-01,0.0,0,0,305.4,5,Mid (300-500),1990.0
1183,"Simply Italian: Easy Recipes That Are Quick to Prepare, Low in Calories, and Kind to Your Budget",English,192.0,1995-06-01,4.0,1,1,478.2,10,Mid (300-500),1990.0
1184,Simply Italian,English,256.0,2002-10-31,3.91,11,2,481.0,10,Mid (300-500),2000.0
1185,"Cucina Fresca: Italian Food, Simply Prepared",English,304.0,2001-06-19,4.19,42,1,497.0,10,Mid (300-500),2000.0
1186,Simply Pasta & Italian,English,384.0,2002-08-15,5.0,1,0,537.4,10,Premium (500-700),2000.0
1187,"Simply Sauté: Fast, Easy, and Healthy Italian Cooking -- All in One Pan",English,256.0,2003-10-27,4.0,2,0,484.6,10,Mid (300-500),2000.0
1188,Risotto: 30 Simply Delicious Vegetarian Recipes from an Italian Kitchen,English,64.0,2001-03-01,4.08,12,2,468.6,10,Mid (300-500),2000.0
1189,Simply Tuscan: Recipes for a Well-Lived Life,English,304.0,2000-04-18,3.5,20,2,469.4,10,Mid (300-500),2000.0
1190,Simply Sicilian: Family Recipes,English,200.0,2005-05-18,0.0,0,0,319.0,5,Mid (300-500),2000.0
1191,Giada's Family Dinners,English,256.0,2006-04-04,3.97,14857,76,483.4,50,Mid (300-500),2000.0
1192,Everyday Italian: 125 Simple and Delicious Recipes,English,256.0,2005-02-22,3.86,47939,226,479.0,50,Mid (300-500),2000.0
1193,Everyday Pasta,English,240.0,2007-04-03,4.1,9014,59,487.0,25,Mid (300-500),2000.0
1194,Alex & Penny in Egypt,English,80.0,2007-01-16,0.0,0,0,307.0,5,Mid (300-500),2000.0
1195,Alex & Penny Ballooning over Italy,English,80.0,2007-01-16,3.0,1,0,427.0,10,Mid (300-500),2000.0
1196,Tyler's Ultimate: Brilliant Simple Food to Make Any Time,English,256.0,2006-09-26,4.09,3780,36,488.2,25,Mid (300-500),2000.0
1197,Tyler Florence's Real Kitchen: An Indespensible Guide for Anybody Who Likes to Cook,English,304.0,2003-03-25,4.06,1452,17,491.8,25,Mid (300-500),2000.0
1198,Eat This Book: Cooking with Global Fresh Flavors,English,287.0,2004-10-01,3.92,288,16,484.5,10,Mid (300-500),2000.0
1199,Semi-Homemade: Cooking 2,English,240.0,2005-09-06,3.63,125,8,468.2,10,Mid (300-500),2000.0
1200,Developmental Psychology,English,,1959-03-01,0.0,0,0,399.0,5,Mid (300-500),1950.0
1201,Developmental Psychology,English,,,0.0,0,0,399.0,5,Mid (300-500),
1202,Freakonomics: A Rogue Economist Explores the Hidden Side of Everything,English,320.0,2006-10-17,3.98,736926,16701,490.2,100,Mid (300-500),2000.0
1203,Freakonomics: A Rogue Economist Explores The Hidden Side Of Everything,English,242.0,2005-01-01,3.98,737050,16704,482.4,100,Mid (300-500),2000.0
1204,Freakonomics: Un economista políticamente incorrecto explora el lado oculto de lo que nos afecta,Spanish,250.0,2006-08-01,3.98,737003,16702,483.2,100,Mid (300-500),2000.0
1205,Freakonomics: A Rogue Economist Explores the Hidden Side of Everything,English,340.0,2006-10-17,3.98,737003,16702,492.2,100,Mid (300-500),2000.0
1206,Freakonomics: A Rogue Economist Explores the Hidden Side of Everything,English,496.0,2006-12-08,3.98,737003,16702,507.8,100,Premium (500-700),2000.0
1207,Freakonomics  - O Estranho Mundo da Economia,Portuguese,264.0,2006-01-01,3.98,737050,16704,484.6,100,Mid (300-500),2000.0
1208,The Semi-Complete Guide to Sort of Being a Gentleman,English,148.0,2005-01-28,4.33,3,0,487.0,10,Mid (300-500),2000.0
1209,Gentleman's Guide to Grooming and Style,English,357.0,2001-05-15,4.17,203,16,501.5,10,Premium (500-700),2000.0
1210,Gentleman's Guide to Grooming and Style,English,357.0,2004-01-01,4.17,203,16,501.5,10,Premium (500-700),2000.0
1211,Gentleman's Guide to Toasting,English,80.0,1990-10-01,3.0,11,3,427.0,10,Mid (300-500),1990.0
1212,The Gentleman's Guide to Passages South: The Thornless Path Toward Windward,English,320.0,1995-12-01,4.18,57,3,498.2,10,Mid (300-500),1990.0
1213,Gentleman's GD.to Etiquette,English,102.0,1997-01-01,3.0,9,2,429.2,10,Mid (300-500),1990.0
1214,Gentleman's Guide To Professional Appearance,English,101.0,2000-10-01,4.17,12,1,475.9,10,Mid (300-500),2000.0
1215,A Well-Dressed Gentleman's Pocket Guide,English,216.0,2006-05-01,3.59,54,2,464.2,10,Mid (300-500),2000.0
1216,Miracle Collapse: The 1969 Chicago Cubs,English,280.0,2006-09-01,3.43,28,2,464.2,10,Mid (300-500),2000.0
1217,Collapse,English,525.0,2005-01-01,3.92,65009,3351,508.3,50,Premium (500-700),2000.0
1218,The Last Assassin,English,338.0,2006-06-01,4.27,7439,236,503.6,25,Premium (500-700),2000.0
1219,Sicario,Spanish,349.0,2005-02-28,3.96,18399,919,492.3,50,Mid (300-500),2000.0
1220,Blood From Blood,English,,,4.12,8646,388,563.8,25,Premium (500-700),
1221,La Chute de John R.,English,308.0,2003-01-16,3.96,18399,919,488.2,50,Mid (300-500),2000.0
1222,Extremis,English,384.0,2013-02-05,4.27,7439,236,508.2,25,Premium (500-700),2010.0
1223,A Clean Kill in Tokyo,English,363.0,2002-07-01,3.96,18398,919,493.7,50,Mid (300-500),2000.0
1224,One Last Kill,English,,,4.24,7769,257,568.6,25,Premium (500-700),
1225,Chuva Forte,Portuguese,,2005-01-01,4.14,8080,286,564.6,25,Premium (500-700),2000.0
1226,Life of Pi,English,401.0,2004-05-03,3.92,1383472,47809,495.9,94,Mid (300-500),2000.0
1227,Vida de Pi,Spanish,323.0,2003-05-01,3.0,1383565,1,488.1,92,Mid (300-500),2000.0
1228,Life of Pi,English,336.0,2007-11-13,3.0,1383565,5,489.4,91,Mid (300-500),2000.0
1229,Life of Pi,English,319.0,2002-01-01,4.0,1383565,5,487.7,92,Mid (300-500),2000.0
1230,L'Histoire de Pi,French,448.0,2005-11-24,4.0,1383565,2,500.6,98,Premium (500-700),2000.0
1231,Keys to Investing in Real Estate,English,208.0,2005-09-01,2.0,10,1,399.8,10,Mid (300-500),2000.0
1232,The Shadow of the Wind,English,487.0,2005-01-01,4.27,490598,37753,518.5,100,Premium (500-700),2000.0
1233,The Shadow of the Wind,English,16.0,2005-01-13,4.27,490726,37766,471.4,100,Mid (300-500),2000.0
1234,Shadows and Wind: A View of Modern Vietnam,English,400.0,1999-09-01,3.48,118,12,478.2,10,Mid (300-500),1990.0
1235,La sombra del viento,Spanish,576.0,2001-05-01,4.27,490726,37766,527.4,100,Premium (500-700),2000.0
1236,In the Shadow of the Wind,English,192.0,1994-01-31,3.67,820,70,465.0,10,Mid (300-500),1990.0
1237,Shadows on the Wind,English,304.0,1995-05-01,2.8,5,1,441.4,10,Mid (300-500),1990.0
1238,Freedom's Shadow,English,333.0,2001-05-10,3.64,14,0,477.9,10,Mid (300-500),2000.0
1239,Shadows And Wind: A View of Modern Vietnam,English,400.0,1998-08-06,3.48,118,12,478.2,10,Mid (300-500),1990.0
1240,Against Shadows and Winds,English,532.0,2004-08-01,0.0,0,0,352.2,5,Mid (300-500),2000.0
1241,A Million Little Pieces,English,515.0,2005-09-22,3.65,230645,11792,496.5,100,Mid (300-500),2000.0
1242,A Million Little Pieces of Feces,English,256.0,2006-02-10,3.59,44,6,468.2,10,Mid (300-500),2000.0
1243,A Million Little Lies,English,191.0,2006-03-28,3.48,217,24,457.3,10,Mid (300-500),2000.0
1244,Sandpaper Sisters,English,207.0,2005-10-25,4.0,2,1,479.7,10,Mid (300-500),2000.0
1245,A Million Little Pieces of Close to Home: A Close to Home Collection,English,144.0,2006-10-01,3.65,23,1,459.4,10,Mid (300-500),2000.0
1246,The Leadership Challenge,English,458.0,2003-08-07,4.05,12057,435,506.8,50,Premium (500-700),2000.0
1247,Leadership and Self-Deception: Getting Out of the Box,English,181.0,2000-06-12,4.13,25867,2430,482.3,50,Mid (300-500),2000.0
1248,The 21 Irrefutable Laws of Leadership Workbook: Follow Them and People Will Follow You,English,240.0,2002-10-06,4.23,892,44,492.2,10,Mid (300-500),2000.0
1249,Primal Leadership: Learning to Lead with Emotional Intelligence,English,336.0,2004-01-01,3.96,8122,318,491.0,25,Mid (300-500),2000.0
1250,Leadership: Theory and Practice,English,395.0,2006-10-26,3.84,2283,128,492.1,25,Mid (300-500),2000.0
1251,Leadership Is an Art,English,176.0,2004-05-18,4.0,5631,140,476.6,25,Mid (300-500),2000.0
1252,Lincoln on Leadership: Executive Strategies for Tough Times,English,193.0,1993-02-01,4.15,6190,333,484.3,25,Mid (300-500),1990.0
1253,Leadership 101: What Every Leader Needs to Know,English,128.0,2002-09-08,4.14,4710,214,477.4,25,Mid (300-500),2000.0
1254,The Leadership Pipeline: How to Build the Leadership-Powered Company,English,272.0,2000-12-20,3.93,1354,96,483.4,25,Mid (300-500),2000.0
1255,Leadership in Organizations,English,542.0,2005-07-07,3.69,311,17,500.8,10,Premium (500-700),2000.0
1256,Complete Giuliani Studies,English,166.0,1995-01-01,4.0,3,0,475.6,10,Mid (300-500),1990.0
1257,Grand Illusion: The Untold Story of Rudy Giuliani and 9/11,English,400.0,2006-08-22,3.76,58,11,489.4,10,Mid (300-500),2000.0
1258,120 Studies for Right Hand Development,English,20.0,1983-03-01,4.46,24,1,479.4,10,Mid (300-500),1980.0
1259,Leadership Through the Ages: A Collection of Favorite Quotations,English,115.0,2003-01-01,3.86,21,1,464.9,10,Mid (300-500),2000.0
1260,Mauro Giuliani: Virtuoso Guitarist and Composer,English,304.0,1995-10-01,4.0,4,0,489.4,10,Mid (300-500),1990.0
1261,Rudy Giuliani: Emperor of the City,English,384.0,2001-11-06,3.45,44,3,475.4,10,Mid (300-500),2000.0
1262,"The Prince of the City: Giuliani, New York, and the Genius of American Life",English,374.0,2005-07-01,3.63,91,10,481.6,10,Mid (300-500),2000.0
1263,America's Mayor: The Hidden History of Rudy Giuliani's New York,English,272.0,2005-09-07,3.4,5,2,462.2,10,Mid (300-500),2000.0
1264,Rudy! An Investigative Biography Of Rudolph Giuliani,English,512.0,2000-07-25,3.8,25,3,502.2,10,Premium (500-700),2000.0
1265,Leadership,English,397.0,2002-10-01,3.71,2428,201,487.1,25,Mid (300-500),2000.0
1266,Leadership Through the Ages: A Collection of Favorite Quotations,English,432.0,2003-05-07,3.86,21,1,496.6,10,Mid (300-500),2000.0
1267,A Day in the Life of a Mayor: Featuring New York City Mayor Rudy Giuliani,English,24.0,2001-01-01,0.0,0,0,301.4,5,Mid (300-500),2000.0
1268,"Faces Of Ground Zero: Portraits Of The Heroes Of September 11, 2001",English,160.0,2004-02-02,4.59,46,6,498.6,10,Mid (300-500),2000.0
1269,"Music Minus One Guitar: Giuliani Guitar Quintet in A major, op. 65 (Book & CD",English,16.0,2006-11-01,0.0,0,0,300.6,5,Mid (300-500),2000.0
1270,"Mauro Giuliani: Guitar Concerto No. 1 in A Major, Op. 30 [With 2 CDs",English,47.0,2006-07-01,0.0,0,0,303.7,5,Mid (300-500),2000.0
1271,Assessment in Special Education: A Practical Approach,English,434.0,2001-09-17,3.65,54,2,488.4,10,Mid (300-500),2000.0
1272,Rudolph Giuliani,English,32.0,2003-09-01,5.0,3,1,502.2,10,Premium (500-700),2000.0
1273,Leadership,English,,,3.71,2428,201,547.4,25,Premium (500-700),
1274,"Men Are from Mars, Women Are from Venus",English,368.0,2012-04-03,3.56,170174,6049,478.2,100,Mid (300-500),2010.0
1275,"Men Are from Mars, Women Are from Venus: A Practical Guide for Improving Communication and Getting What You Want in Relationships",English,,2010-01-01,3.56,170196,6050,541.4,100,Premium (500-700),2010.0
1276,Mars and Venus Book of Days: 365 Inspriations to Enrich Your Relationships,English,368.0,1998-10-21,3.67,64,10,482.6,10,Mid (300-500),1990.0
1277,"Men are from Mars, Women are from Venus",English,307.0,2018-06-30,3.56,170196,6050,472.1,100,Mid (300-500),2010.0
1278,Freddy and the Men from Mars,English,246.0,2002-05-22,4.2,210,9,491.6,10,Mid (300-500),2000.0
1279,"Men Are from Mars, Women Are from Venus: Secrets of Passion/Audio Cassette",English,,1994-09-01,3.67,3,0,545.8,10,Premium (500-700),1990.0
1280,"Men Are From Mars, Women Are From Venus: A Practical Guide For Improving Communication and Getting What You Want",English,286.0,2001-05-08,3.56,170196,6050,470.0,100,Mid (300-500),2000.0
1281,"Men Are from Mars, Women Are from Venus",English,2.0,2007-04-03,3.56,170196,6050,441.6,100,Mid (300-500),2000.0
1282,"Children Are from Heaven: How to Have Strong, Confident Children",English,400.0,1999-10-01,3.87,1126,126,493.8,25,Mid (300-500),1990.0
1283,Investing in REITs: Real Estate Investment Trusts,English,367.0,2006-01-01,3.69,147,12,483.3,10,Mid (300-500),2000.0
1284,Playing the REITs Game: Asia's New Real Estate Investment Trusts,English,224.0,2007-11-01,2.86,7,0,435.8,10,Mid (300-500),2000.0
1285,The essential REIT: A guide to profitable investing in Real Estate Investment Trusts,English,241.0,1997-04-02,4.33,3,0,496.3,10,Mid (300-500),1990.0
1286,Real Estate Securities: The Reit Investment Handbook,English,88.0,1994-11-01,0.0,0,0,307.8,5,Mid (300-500),1990.0
1287,Online Investing Hacks: 100 Industrial-Strength Tips & Tools,English,506.0,2004-06-24,3.64,14,0,495.2,10,Mid (300-500),2000.0
1288,J.K.Lasser Pro Real Estate Investment Trusts: New Strategies for Portfolio Management,English,372.0,2002-06-03,0.0,0,0,336.2,5,Mid (300-500),2000.0
1289,How to Talk to Women,English,224.0,2002-12-01,4.83,6,1,514.6,10,Premium (500-700),2000.0
1290,How to Succeed with Women,English,320.0,1998-10-29,3.76,94,14,481.4,10,Mid (300-500),1990.0
1291,Sex Lover's Book of Lists,English,290.0,2001-01-01,4.17,6,2,494.8,10,Mid (300-500),2000.0
1292,Kiowa Trail,English,,2006-04-25,3.97,2161,89,557.8,25,Premium (500-700),2000.0
1293,How to Succeed with Men,English,464.0,2000-03-01,2.92,12,1,462.2,10,Mid (300-500),2000.0
1294,How to Survive the IRS: My Battles Against Goliath,English,312.0,2001-04-01,3.6,5,2,474.2,10,Mid (300-500),2000.0
1295,The Clan of the Cave Bear,English,512.0,2002-06-25,4.06,235331,6724,512.6,100,Premium (500-700),2000.0
1296,The Clan of the Cave Bear,English,468.0,1980-05-04,4.06,235347,6725,508.2,100,Premium (500-700),1980.0
1297,"The Clan of the Cave Bear, Part 1 of 2",English,,,4.41,670,45,575.4,10,Premium (500-700),
1298,"The Clan of the Cave Bear, Part 2 of 2",English,24.0,1980-01-01,4.53,277,6,482.6,10,Mid (300-500),1980.0
1299,The Clan of the Cave Bear,English,516.0,2016-10-06,4.06,235331,6724,513.0,100,Premium (500-700),2010.0
1300,The Bad Guys Won!,English,304.0,2005-04-26,4.04,3995,242,491.0,25,Mid (300-500),2000.0
1301,Moneyball: The Art of Winning an Unfair Game,English,317.0,2004-03-17,4.24,107238,5073,500.3,100,Premium (500-700),2000.0
1302,Juiced Official Strategy Guide,English,112.0,2005-06-01,0.0,0,0,310.2,5,Mid (300-500),2000.0
1303,The 48 Laws of Power,English,452.0,2000-09-01,4.15,86028,4376,510.2,50,Premium (500-700),2000.0
1304,The Exp 48 Laws of Power,English,480.0,2005-09-09,4.15,86058,4377,513.0,50,Premium (500-700),2000.0
1305,Gates of Fire,English,400.0,2005-09-27,4.4,30659,2190,515.0,50,Premium (500-700),2000.0
1306,Gates of Fire,English,523.0,2000-01-01,4.4,30671,2190,527.3,50,Premium (500-700),2000.0
1307,Fire Sea,English,414.0,1992-03-01,4.07,17971,237,503.2,50,Premium (500-700),1990.0
1308,Gates of Fire,English,,1999-01-01,4.4,30671,2190,575.0,50,Premium (500-700),1990.0
1309,Memory of Fire,English,384.0,2002-04-28,3.65,544,35,483.4,10,Mid (300-500),2000.0
1310,Fire at Eden's Gate: Tom McCall and the Oregon Story,English,564.0,2003-01-01,4.24,126,22,525.0,10,Premium (500-700),2000.0
1311,Through Gates of Fire: A Journey into World Disorder,English,256.0,2004-08-01,3.73,22,2,473.8,10,Mid (300-500),2000.0
1312,The Gate of Fire,English,721.0,2001-06-18,3.59,174,5,514.7,10,Premium (500-700),2000.0
1313,Gates of Fire,English,316.0,1993-01-12,4.2,41,7,498.6,10,Mid (300-500),1990.0
1314,Fire in the Gates,English,96.0,1989-01-01,4.29,7,1,480.2,10,Mid (300-500),1980.0
1315,The Afghan Campaign,English,354.0,2006-07-01,3.98,3980,284,493.6,25,Mid (300-500),2000.0
1316,The Virtues of War,English,368.0,2005-09-27,3.99,5138,289,495.4,25,Mid (300-500),2000.0
1317,Tides of War,English,448.0,2001-08-28,3.9,4217,209,499.8,25,Mid (300-500),2000.0
1318,Last of the Amazons,English,400.0,2003-07-01,3.76,2753,187,489.4,25,Mid (300-500),2000.0
1319,The War of Art: Break Through the Blocks & Win Your Inner Creative Battles,English,168.0,2003-04-01,4.0,77867,6225,475.8,50,Mid (300-500),2000.0
1320,Gita on the Green,English,176.0,2002-05-30,3.71,24,3,465.0,10,Mid (300-500),2000.0
1321,La Conquista de Alejandro Magno,Spanish,432.0,2006-06-06,3.99,5138,289,501.8,25,Premium (500-700),2000.0
1322,Blood Stripes: The Grunt's View of the War in Iraq,English,340.0,2006-04-24,3.92,135,8,489.8,10,Mid (300-500),2000.0
1323,Phaedrus,English,116.0,2002-09-01,3.95,7563,355,468.6,25,Mid (300-500),2000.0
1324,Phaedrus,English,158.0,2003-05-01,3.95,7563,355,472.8,25,Mid (300-500),2000.0
1325,Symposium/Phaedrus,English,240.0,2001-03-06,3.98,899,45,482.2,10,Mid (300-500),2000.0
1326,Phaedrus and Letters VII and VIII,English,160.0,1973-01-30,4.09,238,22,478.6,10,Mid (300-500),1970.0
1327,Phaedrus,English,128.0,2003-01-16,3.95,7563,355,469.8,25,Mid (300-500),2000.0
1328,Phaedrus,English,90.0,2005-08-25,3.95,7563,355,466.0,25,Mid (300-500),2000.0
1329,Plato's Erotic Dialogues: Symposium/Phaedrus,English,214.0,1993-07-01,3.98,899,45,479.6,10,Mid (300-500),1990.0
1330,Euthyphro. Apology. Crito. Phaedo. Phaedrus.,Multiple languages,583.0,1971-01-01,4.36,1003,17,531.7,25,Premium (500-700),1970.0
1331,Babrius and Phaedrus: Fables (Loeb Classical Library #436,English,736.0,1965-01-01,4.35,17,2,546.6,10,Premium (500-700),1960.0
1332,"Parmenides, Philebus, Symposium, Phaedrus, Alcibiades I and II, Hipparchus, Amatores","Greek, Ancient to 1453",410.0,1973-01-01,4.88,16,1,535.2,10,Premium (500-700),1970.0
1333,The Rhetoric of Morality and Philosophy: Plato's Gorgias and Phaedrus,English,216.0,1991-03-26,4.38,13,1,495.8,10,Mid (300-500),1990.0
1334,Lysis/Phaedrus/Symposium: Plato on Homosexuality,English,157.0,1991-12-01,4.53,17,1,495.9,10,Mid (300-500),1990.0
1335,Listening to the Cicadas: A Study of Plato's Phaedrus,English,308.0,1990-11-30,3.38,8,0,465.0,10,Mid (300-500),1990.0
1336,Plato's Phaedrus: The Philosophy of Love,English,231.0,1999-03-01,4.0,7,2,482.1,10,Mid (300-500),1990.0
1337,Enthusiasm and Divine Madness,English,125.0,2019-05-03,4.46,28,4,489.9,10,Mid (300-500),2010.0
1338,On Love: Lysis/Symposium/Phaedrus/Alcibiades/Selections from Republic & Laws,English,272.0,2006-06-15,4.06,183,4,488.6,10,Mid (300-500),2000.0
1339,"Loving and Dying: A Reading of Plato's Phaedo, Symposium, and Phaedrus",English,288.0,2001-11-12,4.6,5,0,511.8,10,Premium (500-700),2000.0
1340,Telling Tales on Caesar: Roman Stories from Phaedrus,English,296.0,2001-05-10,4.0,4,1,488.6,10,Mid (300-500),2000.0
1341,The Fables of Phaedrus,English,196.0,1992-01-01,3.54,196,16,460.2,10,Mid (300-500),1990.0
1342,Gorgias/Phaedrus (Agora,English,233.0,1998-09-01,4.35,23,2,496.3,10,Mid (300-500),1990.0
1343,Fables from Phaedrus,English,108.0,2002-10-28,3.54,196,16,451.4,10,Mid (300-500),2000.0
1344,"Plato's \""Phaedrus\"": A Defense of a Philosophic Art of Writing",English,187.0,1980-03-01,2.5,4,0,417.7,10,Mid (300-500),1980.0
1345,Phaedrus,English,102.0,2004-05-31,3.95,7563,355,467.2,25,Mid (300-500),2000.0
1346,Phaedrus-Kommentar,German,287.0,2000-12-01,0.0,0,0,327.7,5,Mid (300-500),2000.0
1347,"Rhetoric and Reality in Plato's \""phaedrus\",English,340.0,1993-02-23,3.5,2,0,473.0,10,Mid (300-500),1990.0
1348,"The Platonism of Marsilio Ficino: A Study of His Phaedrus Commentary, Its Sources and Genesis",English,284.0,1984-01-01,0.0,0,0,327.4,5,Mid (300-500),1980.0
1349,Phaedrus,English,84.0,2006-01-01,3.95,7563,355,465.4,25,Mid (300-500),2000.0
1350,Phaedrus. Fabeln. (Lernmaterialien,English,,2000-12-01,5.0,1,0,599.0,10,Premium (500-700),2000.0
1351,Statesman,English,128.0,1999-03-15,3.85,657,52,465.8,10,Mid (300-500),1990.0
1352,Cratylus,English,120.0,,3.66,956,92,457.4,10,Mid (300-500),
1353,Gorgias,English,216.0,1998-11-19,3.96,10259,373,479.0,50,Mid (300-500),1990.0
1354,Gorgias,English,208.0,2004-01-29,3.96,10259,373,478.2,50,Mid (300-500),2000.0
1355,Gorgias,English,107.0,1989-01-01,3.96,10259,373,468.1,50,Mid (300-500),1980.0
1356,Lysis/Symposium/Gorgias,English,560.0,1975-01-01,4.38,485,5,530.2,10,Premium (500-700),1970.0
1357,Gorgias,English,416.0,1990-04-01,3.96,10259,373,499.0,50,Mid (300-500),1990.0
1358,Encomium of Helen,English,48.0,1991-06-01,3.74,156,10,453.4,10,Mid (300-500),1990.0
1359,Gorgias: Sophist and Artist,English,242.0,2001-12-01,3.0,1,0,443.2,10,Mid (300-500),2000.0
1360,Gorgias and the New Sophistic Rhetoric,English,176.0,2002-01-31,4.0,3,0,476.6,10,Mid (300-500),2000.0
1361,A Friendly Companion to Plato's Gorgias,English,472.0,1987-12-18,0.0,0,0,346.2,5,Mid (300-500),1980.0
1362,The Histories,English,716.0,2003-01-30,3.95,44632,1235,528.6,50,Premium (500-700),2000.0
1363,The Histories,English,622.0,1954-09-01,3.95,44641,1235,519.2,50,Premium (500-700),1950.0
1364,The History (Great Minds,English,613.0,1992-11-01,3.95,44641,1235,518.3,50,Premium (500-700),1990.0
1365,The Histories,English,772.0,1998-11-19,3.95,44641,1235,534.2,50,Premium (500-700),1990.0
1366,The Histories,English,653.0,1970-08-30,3.95,44641,1235,522.3,50,Premium (500-700),1970.0
1367,The Histories,English,464.0,1992-01-17,3.95,44641,1235,503.4,50,Premium (500-700),1990.0
1368,The Histories,English,816.0,1997-03-25,3.95,44636,1235,538.6,50,Premium (500-700),1990.0
1369,The History,English,710.0,1987-03-14,3.95,44641,1235,528.0,50,Premium (500-700),1980.0
1370,The Persian War (Translations from Greek & Roman Authors,English,136.0,,4.05,460,10,474.6,10,Mid (300-500),
1371,The Iliad,English,683.0,1999-04-29,3.87,365122,7678,522.1,100,Premium (500-700),1990.0
1373,Iliad,English,576.0,1997-03-12,3.87,365122,7678,511.4,100,Premium (500-700),1990.0
1374,The Iliad,English,588.0,2004-04-03,3.87,365123,7678,512.6,100,Premium (500-700),2000.0
1375,The Iliad/The Odyssey,English,1556.0,1999-11-01,4.05,64912,809,616.6,50,Premium (500-700),1990.0
1376,The Iliad,English,462.0,2003-01-30,3.87,365123,7678,500.0,100,Mid (300-500),2000.0
1377,The Iliad,English,312.0,1999-08-01,3.87,365123,7678,485.0,100,Mid (300-500),1990.0
1378,The Essential Iliad,English,216.0,2000-09-15,3.87,365123,7678,475.4,100,Mid (300-500),2000.0
1379,An Iliad,English,176.0,2006-08-01,3.66,4384,308,463.0,25,Mid (300-500),2000.0
1380,The Iliad,English,,2006-03-15,3.87,365123,7678,553.8,100,Premium (500-700),2000.0
1381,The Odyssey,English,541.0,2006-11-30,3.0,888577,4,504.3,94,Premium (500-700),2000.0
1382,The Odyssey,English,515.0,1998-11-05,5.0,888586,1,501.7,89,Premium (500-700),1990.0
1383,The Odyssey,English,374.0,1999-06-01,5.0,888592,1,487.6,100,Mid (300-500),1990.0
1384,The Odyssey,English,324.0,2003-01-30,5.0,888592,2,482.6,98,Mid (300-500),2000.0
1385,African American Odyssey,English,72.0,2000-03-01,0.0,0,0,306.2,5,Mid (300-500),2000.0
1386,Cliffs Notes on Homer's The Odyssey,English,112.0,2000-05-22,3.71,56,6,458.6,10,Mid (300-500),2000.0
1387,The Odyssey,English,304.0,1999-08-01,4.0,888592,2,480.6,97,Mid (300-500),1990.0
1388,Odyssey,English,478.0,2000-03-01,5.0,888592,1,498.0,99,Mid (300-500),2000.0
1389,"Mathematics: A Practical Odyssey [with CengageNOW, Personal Tutor, and Student Book Companion Site Printed Access Code",English,912.0,2006-09-22,3.33,18,1,523.4,10,Premium (500-700),2000.0
1390,Earth Odyssey: Around the World in Search of Our Environmental Future,English,384.0,1999-12-28,4.21,288,33,505.8,10,Premium (500-700),1990.0
1391,"Aeneid: Selections from Books 1, 2, 4, 6, 10, 12",English,161.0,2001-01-01,4.35,88,8,489.1,10,Mid (300-500),2000.0
1392,Aeneid: Books I-VI,English,535.0,1964-01-01,4.12,1508,51,517.3,25,Premium (500-700),1960.0
1393,Vergil Vocabulary Cards for AP Select: PB,English,184.0,2005-10-31,0.0,0,0,317.4,5,Mid (300-500),2000.0
1394,"Vergil's Aeneid, 10 & 12: Pallas & Turnus (Latin Edition) (Bks. 10) (Bks. 10 & 12",English,44.0,1999-01-01,3.92,13,2,460.2,10,Mid (300-500),1990.0
1395,"Aeneid: Hero, War, Humanity",English,366.0,2005-04-01,3.85,109341,2842,489.6,100,Mid (300-500),2000.0
1396,Herding Dogs: Progressive Training,English,256.0,1994-10-01,4.05,96,6,486.6,10,Mid (300-500),1990.0
1397,Vergil: A Legamus Transitional Reader,English,134.0,2004-06-01,3.83,6,0,465.6,10,Mid (300-500),2000.0
1398,Latin (Vergil,English,160.0,2018-01-01,0.0,0,0,315.0,5,Mid (300-500),2010.0
1399,Vergil's Aeneid: Books I-VI,English,367.0,1998-01-01,4.12,1508,51,500.5,25,Premium (500-700),1990.0
1401,Midwest Eclogue,English,108.0,2005-09-26,3.76,74,10,460.2,10,Mid (300-500),2000.0
1402,Eclogues. Georgics. Aeneid: Books 1-6,Multiple languages,607.0,1999-10-01,4.2,656,21,527.7,10,Premium (500-700),1990.0
1403,City Eclogue,English,136.0,2006-01-30,4.15,72,8,478.6,10,Mid (300-500),2000.0
1404,Eclogues and Georgics,English,112.0,2005-09-03,3.83,463,49,463.4,10,Mid (300-500),2000.0
1406,<I>Eclogues</I> and  <I>Georgics</I> of Virgil,English,176.0,1990-10-01,3.83,463,49,469.8,10,Mid (300-500),1990.0
1407,The Eclogues of Virgil: A Translation,English,101.0,1999-10-30,3.9,2277,98,465.1,25,Mid (300-500),1990.0
1408,"Paul Kirk's Championship Barbecue Sauces: 175 Make-Your-Own Sauces, Marinades, Dry Rubs, Wet Rubs, Mops and Salsas",English,272.0,1997-12-03,3.99,69,0,485.8,10,Mid (300-500),1990.0
1409,The Dry Danube: A Hitler Forgery,English,152.0,2000-04-01,4.0,13,2,474.2,10,Mid (300-500),2000.0
1410,"Lacrimal Gland, Tear Film, and Dry Eye Syndromes: Basic Science and Clinical Relevance",English,729.0,1994-03-31,0.0,0,0,371.9,5,Mid (300-500),1990.0
1411,Old Dry Frye,English,32.0,2001-05-01,4.08,25,12,465.4,10,Mid (300-500),2000.0
1412,Power Publicity for Dry Cleaners,English,60.0,2006-01-28,3.0,1,0,425.0,10,Mid (300-500),2000.0
1413,Dry Water,English,,,0.0,0,0,399.0,5,Mid (300-500),
1414,The Riverside Shakespeare,English,2057.0,1997-01-01,4.55,4271,202,686.7,25,Premium (500-700),1990.0
1415,World of Shakespeare: The Complete Plays and Sonnets of William Shakespeare (38 Volume Library,English,,2006-05-01,4.81,48,2,591.4,10,Premium (500-700),2000.0
1416,The Norton Shakespeare,English,3420.0,1997-01-01,4.57,1852,74,781.8,25,Luxury (700+),1990.0
1417,The Complete Pelican Shakespeare,English,1808.0,2002-01-01,4.59,738,42,663.4,10,Premium (500-700),2000.0
1418,Complete Works of William Shakespeare,English,1280.0,1997-08-05,4.5,52030,883,607.0,50,Premium (500-700),1990.0
1420,Hamlet,English,289.0,2005-08-01,4.03,757681,13512,489.1,90,Mid (300-500),2000.0
1421,The Oxford Shakespeare: The Complete Works,English,1420.0,2005-08-01,4.61,868,57,625.4,10,Premium (500-700),2000.0
1422,"Shakespeare Set Free: Teaching Romeo & Juliet, Macbeth & Midsumr Night'",English,288.0,1993-09-01,4.31,106,6,500.2,10,Premium (500-700),1990.0
1423,The Compleat Works of Wllm Shkspr (abridged,English,137.0,1994-02-01,4.45,8543,130,490.7,25,Mid (300-500),1990.0
1424,The Pilgrimage: A Contemporary Quest for Ancient Wisdom,English,272.0,1995-05-01,3.64,51177,2200,471.8,50,Mid (300-500),1990.0
1425,The Valkyries,English,212.0,1996-09-28,3.32,22937,1066,453.0,50,Mid (300-500),1990.0
1426,Warrior of the Light,English,142.0,2004-03-30,3.69,32034,1603,460.8,50,Mid (300-500),2000.0
1427,The Zahir,English,336.0,2006-07-03,3.58,70615,3392,475.8,50,Mid (300-500),2000.0
1428,By the River Piedra I Sat Down and Wept,English,208.0,2006-05-23,3.57,89515,3840,462.6,50,Mid (300-500),2000.0
1429,The Fifth Mountain,English,256.0,2000-04-26,3.62,39450,1604,469.4,50,Mid (300-500),2000.0
1430,Eleven Minutes,English,273.0,2003-01-01,3.7,153018,6998,474.3,100,Mid (300-500),2000.0
1431,Veronika Decides to Die,English,210.0,2006-06-01,3.71,181585,8385,468.4,100,Mid (300-500),2000.0
1433,Hamlet,English,148.0,2001-12-01,4.03,757835,13519,475.0,98,Mid (300-500),2000.0
1436,Hamlet (Norton Critical Edition,English,297.0,1992-01-17,4.0,757835,2,489.9,93,Mid (300-500),1990.0
1437,Cliffs Notes on Shakespeare's Hamlet,English,129.0,2000-05-30,3.71,84,7,460.3,10,Mid (300-500),2000.0
1438,Shakespeare's Hamlet,English,240.0,2000-05-29,4.25,757681,4,484.2,99,Mid (300-500),2000.0
1439,Hamlet's Mill: An Essay Investigating the Origins of Human Knowledge and Its Transmission Through Myth,English,450.0,2015-03-24,4.27,617,70,514.8,10,Premium (500-700),2010.0
1440,History of the Peloponnesian War: Bk. 1-2,Multiple languages,496.0,1919-01-01,4.32,226,7,521.4,10,Premium (500-700),1910.0
1441,"On Justice, Power and Human Nature: Selections from The History of the Peloponnesian War",English,172.0,1993-10-01,3.73,714,17,465.4,10,Mid (300-500),1990.0
1442,"The Peloponnesian War, Bk. 2","Greek, Ancient to 1453",272.0,1989-04-28,4.18,44,3,493.4,10,Mid (300-500),1980.0
1443,Thucydides Reader: Annotated Passages from Books I-VIII of the Histories,"Greek, Modern 1453-",164.0,2005-07-01,4.0,5,0,475.4,10,Mid (300-500),2000.0
1444,History of the Peloponnesian War: Bk. 5-6,Multiple languages,400.0,1921-01-01,4.4,52,1,515.0,10,Premium (500-700),1920.0
1445,The Peloponnesian War,English,530.0,1998-06-01,3.88,32524,873,507.2,50,Premium (500-700),1990.0
1446,"Historiae, Vol. 2",English,320.0,1993-10-01,4.15,20,1,497.0,10,Mid (300-500),1990.0
1447,Thucydides: An Introduction for the Common Reader,English,190.0,2005-11-06,3.78,27,4,469.2,10,Mid (300-500),2000.0
1448,A Historical Commentary on Thucydides: A Companion to Rex Warner's Penguin Translation,English,332.0,1997-06-20,3.5,2,0,472.2,10,Mid (300-500),1990.0
1449,The Peloponnesian War,English,554.0,1998-07-17,3.88,32524,873,509.6,50,Premium (500-700),1990.0
1450,Thucydides,English,,,4.0,8,1,559.0,10,Premium (500-700),
1451,Thucydides: Book I,English,300.0,1991-06-01,4.0,2,0,489.0,10,Mid (300-500),1990.0
1452,"Thucydides, Hobbes, and the Interpretation of Realism",English,274.0,1993-05-01,3.0,1,0,446.4,10,Mid (300-500),1990.0
1453,Once Again for Thucydides: Fiction,English,90.0,1998-09-17,3.7,91,10,456.0,10,Mid (300-500),1990.0
1454,Thucydides Book I: A Students' Grammatical Commentary,English,148.0,2003-09-29,3.0,2,0,433.8,10,Mid (300-500),2000.0
1455,Thucydides: Man's Place in History,English,248.0,2002-11-01,0.0,0,0,323.8,5,Mid (300-500),2000.0
1456,Apologies to Thucydides: Understanding History as Culture and Vice Versa,English,320.0,2004-12-01,4.44,32,2,508.6,10,Premium (500-700),2000.0
1457,Thucydides,English,280.0,1987-10-21,4.33,24,3,500.2,10,Premium (500-700),1980.0
1458,"The Intellectual Revolution: Selections from Euripides, Thucydides and Plato",English,172.0,1980-09-30,4.09,11,1,479.8,10,Mid (300-500),1980.0
1459,"History of the Peloponnesian War, Bk. 7-8",English,480.0,1923-01-01,4.37,46,1,521.8,10,Premium (500-700),1920.0
1460,A Historical Commentary on Thucydides: Volume 1: Introduction and Commentary on Book I,English,492.0,1945-12-31,3.33,3,0,481.4,10,Mid (300-500),1940.0
1461,"Thucydides, Book 6 Commentary",English,34.0,1989-01-30,4.0,1,0,462.4,10,Mid (300-500),1980.0
1462,Euripides I: Alcestis / The Medea / The Heracleidae / Hippolytus,English,221.0,1955-02-15,4.04,14585,250,482.7,50,Mid (300-500),1950.0
1463,Euripides V: Electra / The Phoenician Women / The Bacchae,English,228.0,1969-01-15,4.21,3440,54,490.2,25,Mid (300-500),1960.0
1464,Euripides: Ten Plays,English,608.0,1998-10-01,4.17,1831,60,526.6,25,Premium (500-700),1990.0
1465,Euripides IV: Rhesus / The Suppliant Women / Orestes / Iphigenia in Aulis,English,307.0,1968-11-15,4.22,598,12,498.5,10,Mid (300-500),1960.0
1466,Grief Lessons: Four Plays by Euripides,English,312.0,2006-08-01,4.41,950,125,506.6,10,Premium (500-700),2000.0
1467,Ten Plays,English,432.0,1990-08-01,4.17,1831,60,509.0,25,Premium (500-700),1990.0
1468,"Euripides III: Hecuba / Andromache / The Trojan Women / Ion (Complete Greek Tragedies, #7",English,255.0,1992-01-15,4.0,583,18,484.5,10,Mid (300-500),1990.0
1469,Bacchae,English,128.0,2000-09-11,3.9,14875,704,467.8,50,Mid (300-500),2000.0
1470,Euripides II: The Cyclops / Heracles / Iphigenia in Tauris / Helen,English,264.0,2002-04-15,4.3,883,15,497.4,10,Mid (300-500),2000.0
1471,"Three Plays of Euripides: Alcestis, Medea, the Bacchae",English,126.0,1974-12-31,3.98,293,25,470.8,10,Mid (300-500),1970.0
1472,Electra and Other Plays,English,224.0,1999-01-01,4.05,317,12,483.4,10,Mid (300-500),1990.0
1473,Medea and Other Plays,English,206.0,2003-03-27,4.04,14585,250,481.2,50,Mid (300-500),2000.0
1474,Cyclops / Alcestis / Medea,Multiple languages,432.0,1994-01-01,4.18,68,4,509.4,10,Premium (500-700),1990.0
1475,Medea,"Greek, Ancient to 1453",431.0,2002-09-16,3.89,56959,1770,497.7,50,Mid (300-500),2000.0
1476,The Bacchae and Other Plays,English,360.0,2006-01-26,4.14,4858,114,500.6,25,Premium (500-700),2000.0
1477,Four Plays: Medea / Hippolytus / Heracles / Bacchae,English,304.0,2002-03-01,3.98,224,19,488.6,10,Mid (300-500),2000.0
1478,The Bacchae of Euripides,English,,1968-01-01,3.9,14875,704,555.0,50,Premium (500-700),1960.0
1479,Bakkhai,English,160.0,2001-02-22,3.9,14875,704,471.0,50,Mid (300-500),2000.0
1480,Plays 1: Medea/The Phoenician Women/Bacchae,English,192.0,2000-11-09,3.82,11,2,471.0,10,Mid (300-500),2000.0
1481,Elektra,English,128.0,2004-08-26,3.96,5637,179,470.2,25,Mid (300-500),2000.0
1482,Medea - Literary Touchstone Classic,English,80.0,2005-12-01,3.89,56959,1770,462.6,50,Mid (300-500),2000.0
1483,The Trojan Women and Other Plays,English,224.0,2001-11-19,3.94,310,28,479.0,10,Mid (300-500),2000.0
1484,"Euripides' Bacchae, Focus Classical Library (Focus Classical Library",English,134.0,1998-01-01,3.7,74,7,460.4,10,Mid (300-500),1990.0
1485,Hippolytus,English,90.0,2001-10-01,3.82,4705,194,460.8,25,Mid (300-500),2000.0
1486,The Trojan Women and Hippolytus,English,64.0,2002-07-17,3.61,41,5,449.8,10,Mid (300-500),2000.0
1487,Euripides' Bacchae,English,28.0,1995-06-01,4.0,15,1,461.8,10,Mid (300-500),1990.0
1488,The Bacchae of Euripides: A Communion Rite,English,128.0,2004-07-17,3.86,146,8,466.2,10,Mid (300-500),2000.0
1489,Orestes and Other Plays,English,282.0,2001-12-20,4.11,255,13,491.6,10,Mid (300-500),2000.0
1490,Cyclops,English,,1999-04-28,3.57,677,55,541.8,10,Premium (500-700),1990.0
1491,Children of Heracles / Hippolytus / Andromache / Hecuba,Multiple languages,528.0,1995-02-15,4.26,34,5,522.2,10,Premium (500-700),1990.0
1492,The Trojan Women: A Play by Euripides Translated from the Greek Into English and Adapted in Response to Aristophanes' and Aristotle's Cr,English,191.0,2002-03-01,3.33,3,0,451.3,10,Mid (300-500),2000.0
1493,Bacchae (Plays of Euripides,English,284.0,2011-05-20,3.9,14875,704,483.4,50,Mid (300-500),2010.0
1494,Alcestis,English,142.0,1989-11-01,3.84,2779,195,466.8,25,Mid (300-500),1980.0
1495,Suppliant Women / Electra / Heracles,Multiple languages,464.0,1998-09-01,4.46,35,5,523.8,10,Premium (500-700),1990.0
1496,Iphigenia in Aulis,English,69.0,1997-09-25,4.03,3750,120,467.1,25,Mid (300-500),1990.0
1497,Three Great Plays: Medea / Hippolytus / Helen,English,192.0,1958-10-19,3.78,23,4,469.4,10,Mid (300-500),1950.0
1498,Helen,English,216.0,2007-07-02,3.73,1239,108,469.8,25,Mid (300-500),2000.0
1499,Medea,English,116.0,2006-08-10,3.89,56957,1770,466.2,50,Mid (300-500),2000.0
1500,Euripides: Bacchae (Duckworth Companions to Greek & Roman Tragedy) (Duckworth Companions to Greek & Roman Tragedy,English,144.0,2006-05-01,4.0,7,3,473.4,10,Mid (300-500),2000.0
1501,The Essential Euripides,English,555.0,1995-01-01,4.75,8,0,544.5,10,Premium (500-700),1990.0
1502,Euripides: Hippolytus,English,144.0,2002-08-29,3.62,21,0,458.2,10,Mid (300-500),2000.0
1503,"Hecuba: Introduction, Text, and Commentary",English,256.0,1999-05-01,3.97,1597,85,483.4,25,Mid (300-500),1990.0
1504,Euripides: Medea,English,160.0,2002-10-31,3.9,29,1,471.0,10,Mid (300-500),2000.0
1505,The Electra of Euripides,English,100.0,2006-04-28,3.96,5637,179,467.4,25,Mid (300-500),2000.0
1506,CliffsNotes on Euripides' Medea and Electra,English,69.0,1965-09-13,4.33,6,0,479.1,10,Mid (300-500),1960.0
1507,Electra,English,270.0,1979-04-12,3.96,5637,179,484.4,25,Mid (300-500),1970.0
1508,Hippolytos,English,128.0,1992-10-01,3.82,4705,194,464.6,25,Mid (300-500),1990.0
1509,Trojan Women / Iphigenia Among the Taurians / Ion,Multiple languages,528.0,1999-12-01,4.06,33,2,514.2,10,Premium (500-700),1990.0
1510,Helen / Phoenician Women / Orestes,Multiple languages,605.0,2002-06-15,4.1,80,10,523.5,10,Premium (500-700),2000.0
1511,Euripides: Iphigenia at Aulis (Companions to Greek & Roman Tragedy,English,144.0,2006-03-09,4.03,3750,120,474.6,25,Mid (300-500),2000.0
1512,The Hippolytus of Euripides,English,140.0,2004-06-25,3.82,4705,194,465.8,25,Mid (300-500),2000.0
1513,Euripides: The Complete Plays Vol. III,English,319.0,2005-10-30,4.33,9,3,504.1,10,Premium (500-700),2000.0
1514,The Bacchae of Euripides: A New Translation with a Critical Essay,English,142.0,1968-03-01,3.9,14875,704,469.2,50,Mid (300-500),1960.0
1515,"The Complete Greek Tragedies, Volume 3: Euripides",English,672.0,1992-08-01,4.43,51,10,543.4,10,Premium (500-700),1990.0
1516,Aeschylus I: Oresteia,English,171.0,1969-05-15,4.02,35540,1120,476.9,50,Mid (300-500),1960.0
1517,"Aeschylus II: The Suppliant Maidens, The Persians, Seven against Thebes, and Prometheus Bound (The Complete Greek Tragedies",English,188.0,1992-02-01,4.1,5687,181,481.8,25,Mid (300-500),1990.0
1518,The Oresteia,English,304.0,2004-10-07,4.02,35540,1120,490.2,50,Mid (300-500),2000.0
1519,"The Oresteia: Agamemnon, The Libation Bearers, The Eumenides",English,335.0,1984-02-07,4.02,35534,1120,493.3,50,Mid (300-500),1980.0
1520,Aeschylus Persae,English,,1903-12-28,3.67,3,0,545.8,10,Premium (500-700),1900.0
1521,Oresteia,English,224.0,1998-09-15,4.02,35540,1120,482.2,50,Mid (300-500),1990.0
1522,Suppliant Maidens/Persians/Prometheus/Seven Against Thebes (Loeb Classical Library 145,English,624.0,1922-01-01,4.1,5688,181,525.4,25,Premium (500-700),1920.0
1523,Prometheus Bound and Other Plays,English,160.0,2003-08-28,4.1,5687,181,479.0,25,Mid (300-500),2000.0
1524,Agamemnon,English,144.0,2003-11-06,3.85,15364,342,467.4,50,Mid (300-500),2000.0
1525,The Oresteia,English,208.0,2004-09-04,4.02,35540,1120,480.6,50,Mid (300-500),2000.0
1526,"Aeschylus, 1: The Oresteia: Agamemnon/The Libation Bearers/The Eumenides",English,178.0,1997-11-01,4.02,35540,1120,477.6,50,Mid (300-500),1990.0
1527,"The Complete Greek Tragedies, Volume 1: Aeschylus",English,358.0,1992-08-01,4.12,954,76,499.6,10,Mid (300-500),1990.0
1528,Aeschylus: Seven Plays (The Greek Classics,English,256.0,2006-03-06,4.12,954,76,489.4,10,Mid (300-500),2000.0
1529,Aeschylus: The Oresteia,English,95.0,2004-01-19,3.95,39,3,466.5,10,Mid (300-500),2000.0
1530,"The Oresteia: Agamemnon, Choephoroe & Eumenides",English,127.0,2004-01-20,4.02,35540,1120,472.5,50,Mid (300-500),2000.0
1531,Aeschylus 2: The Persians/Seven Against Thebes/The Suppliants/Prometheus Bound,English,232.0,1998-01-01,4.1,5688,181,486.2,25,Mid (300-500),1990.0
1532,The Oresteia Trilogy: Agamemnon/The Libation-Bearers/The Furies,English,151.0,1996-09-24,4.02,35540,1120,474.9,50,Mid (300-500),1990.0
1533,The Suppliant Maidens/The Persians/Seven against Thebes/Prometheus Bound,English,208.0,2004-06-17,4.1,5688,181,483.8,25,Mid (300-500),2000.0
1534,Oresteia,English,232.0,2008-12-23,4.02,35540,1120,483.0,50,Mid (300-500),2000.0
1535,"Sophocles I: Oedipus The King, Oedipus at Colonus, Antigone",English,218.0,1991-08-15,3.98,58840,1768,480.0,50,Mid (300-500),1990.0
1536,"Sophocles II: Ajax / Women of Trachis / Electra / Philoctetes (Complete Greek Tragedies, #4",English,254.0,1969-05-15,4.14,5833,124,490.0,25,Mid (300-500),1960.0
1537,The Oedipus Plays of Sophocles: Oedipus the King; Oedipus at Colonus; Antigone,English,288.0,1996-05-01,3.98,58840,1768,487.0,50,Mid (300-500),1990.0
1538,The Complete Plays,English,420.0,2001-03-01,4.27,4191,138,511.8,25,Premium (500-700),2000.0
1539,The Complete Plays of Sophocles,English,304.0,1991-04-01,4.27,4193,138,500.2,25,Premium (500-700),1990.0
1540,"The Oedipus Cycle: Oedipus Rex, Oedipus at Colonus, Antigone",English,259.0,2002-11-01,3.98,58828,1768,484.1,50,Mid (300-500),2000.0
1541,Antigone,English,118.0,2003-01-09,3.67,109642,3050,457.6,100,Mid (300-500),2000.0
1543,Ajax / Electra / Oedipus Tyrannus,English,483.0,1994-01-01,4.57,123,8,530.1,10,Premium (500-700),1990.0
1544,Antigone,English,378.0,1999-09-28,3.67,109642,3050,483.6,100,Mid (300-500),1990.0
1545,"Sophocles I: Oedipus the King, Oedipus at Colonus, Antigone",English,212.0,1970-05-01,3.98,58840,1768,479.4,50,Mid (300-500),1970.0
1546,Theban Plays,English,304.0,2003-03-15,3.98,58840,1768,488.6,50,Mid (300-500),2000.0
1547,The Theban Plays,English,223.0,1994-10-18,3.98,58840,1768,480.5,50,Mid (300-500),1990.0
1548,Electra and Other Plays,English,218.0,1953-04-28,4.14,5833,124,486.4,25,Mid (300-500),1950.0
1549,Antigone; Oedipus the King; Electra,English,178.0,1998-09-17,3.95,14469,270,474.8,50,Mid (300-500),1990.0
1550,Sophocles' Antigone,English,116.0,1998-01-01,3.67,109642,3050,457.4,100,Mid (300-500),1990.0
1551,"Sophocles Plays 2: Ajax, Women of Trachis, Electra, Philoctetes",English,256.0,1990-06-14,4.14,5833,124,490.2,25,Mid (300-500),1990.0
1552,Introduction to Signal Processing,English,816.0,1998-03-01,3.0,1,2,500.6,10,Premium (500-700),1990.0
1553,"A World of Heroes: Selections from Homer, Herodotus and Sophocles",English,152.0,1979-11-30,4.43,7,0,491.4,10,Mid (300-500),1970.0
1554,Oedipus Rex,English,75.0,2006-06-22,3.71,176081,3555,454.9,100,Mid (300-500),2000.0
1555,The Oedipus Plays of Sophocles,English,390.0,1958-09-01,3.98,58840,1768,497.2,50,Mid (300-500),1950.0
1556,Oedipus Rex,English,48.0,1993-01-01,3.71,176102,3556,452.2,100,Mid (300-500),1990.0
1557,Sophocles 1: Ajax/Women of Trachis/Electra/Philoctetes,English,296.0,1998-05-01,4.14,5833,124,494.2,25,Mid (300-500),1990.0
1558,Oedipus Rex,"Greek, Ancient to 1453",214.0,2006-08-01,3.71,176078,3555,468.8,100,Mid (300-500),2000.0
1559,Oedipus the King,English,144.0,2005-07-01,3.71,176084,3555,461.8,100,Mid (300-500),2000.0
1560,Four Plays: The Clouds/The Birds/Lysistrata/The Frogs,English,624.0,1984-11-01,4.07,6244,91,524.2,25,Premium (500-700),1980.0
1561,Three Plays by Aristophanes: Lysistrata/Women at the Thesmophoria/Assemblywomen,English,256.0,1996-08-27,3.89,141,11,480.2,10,Mid (300-500),1990.0
1562,The Complete Plays,English,577.0,1984-03-01,4.21,2332,72,525.1,25,Premium (500-700),1980.0
1563,Aristophanes 1: The Acharnians/Peace/Celebrating Ladies/Wealth,English,336.0,1998-01-29,3.83,6,0,485.8,10,Mid (300-500),1990.0
1564,Birds/Lysistrata/Women at the Thesmophoria (Loeb Classical Library 179,English,624.0,2000-11-15,4.17,84,8,528.2,10,Premium (500-700),2000.0
1565,Lysistrata / The Acharnians / The Clouds,English,256.0,1974-03-30,4.15,1511,40,490.6,25,Mid (300-500),1970.0
1566,Clouds/Wasps/Birds (Aristophanes 1,English,480.0,1998-09-15,3.8,142,14,499.0,10,Mid (300-500),1990.0
1567,Lysistrata and Other Plays,English,241.0,2003-01-30,3.96,4092,142,481.5,25,Mid (300-500),2000.0
1568,Acharnians,English,96.0,2003-05-01,3.43,569,55,445.8,10,Mid (300-500),2000.0
1569,Clouds,English,108.0,1993-11-01,3.75,7678,317,459.8,25,Mid (300-500),1990.0
1570,Lysistrata,English,96.0,1988-01-01,3.86,35882,1007,463.0,50,Mid (300-500),1980.0
1571,Clouds,English,254.0,1969-12-15,3.75,7678,317,474.4,25,Mid (300-500),1960.0
1572,Clouds/Wasps/Peace,"Greek, Ancient to 1453",624.0,1998-12-15,4.07,72,9,524.2,10,Premium (500-700),1990.0
1573,The Birds and Other Plays,English,336.0,2003-01-01,4.13,1430,32,497.8,25,Mid (300-500),2000.0
1574,Socrates and Aristophanes,English,332.0,1996-11-15,4.13,45,1,497.4,10,Mid (300-500),1990.0
1575,Four Major Plays: Lysistrata/The Birds/The Clouds/The Acharnians,English,,1979-06-28,3.65,20,1,545.0,10,Premium (500-700),1970.0
1576,Three Plays: The Wasps / The Poet and the Women / The Frogs,English,224.0,1964-02-28,3.95,429,30,479.4,10,Mid (300-500),1960.0
1577,Four Comedies: Lysistrata / The Frogs / The Birds / Ladies' Day,English,400.0,2003-01-06,4.06,32,7,501.4,10,Premium (500-700),2000.0
1578,Four Comedies: Lysistrata/The Congresswomen/The Acharnians/The Frogs,English,432.0,1969-08-15,3.84,88,12,495.8,10,Mid (300-500),1960.0
1579,Frogs/Assemblywomen/Wealth (Loeb Classical Library 180,"Greek, Ancient to 1453",608.0,2002-05-01,4.17,60,4,526.6,10,Premium (500-700),2000.0
1580,Aristophanes 2: Wasps/Lysistrata/Frogs/The Sexual Congress,English,376.0,1999-05-06,3.81,16,1,489.0,10,Mid (300-500),1990.0
1581,Aristophanes,English,348.0,1996-09-13,3.5,6,0,473.8,10,Mid (300-500),1990.0
1582,The Frogs,English,100.0,2004-06-17,3.81,6222,247,461.4,25,Mid (300-500),2000.0
1583,Lysistrata,English,80.0,2005-01-01,3.86,35882,1007,461.4,50,Mid (300-500),2000.0
1584,"Cliffs Notes on Aristophanes' Lysistrata, The Birds, The Clouds, The Frogs",English,80.0,1983-12-29,3.0,5,0,427.0,10,Mid (300-500),1980.0
1585,Aristophanes and Athens: An Introduction to the Plays,English,376.0,1995-10-26,4.07,14,3,499.4,10,Mid (300-500),1990.0
1586,Lysistrata,English,98.0,1970-02-01,3.86,35882,1007,463.2,50,Mid (300-500),1970.0
1587,Aristophanes' Clouds,English,130.0,1987-12-01,3.75,7678,317,462.0,25,Mid (300-500),1980.0
1588,The Birds,English,104.0,1999-01-01,3.88,3743,111,464.6,25,Mid (300-500),1990.0
1589,Three Comedies: The Birds/The Clouds/The Wasps,English,408.0,1969-08-15,3.8,142,14,491.8,10,Mid (300-500),1960.0
1590,Peace,English,408.0,1999-02-25,3.61,450,28,484.2,10,Mid (300-500),1990.0
1591,Lysistrata,English,132.0,2003-03-01,3.86,35880,1007,466.6,50,Mid (300-500),2000.0
1592,The Knights / Peace / The Birds / The Assembly Women / Wealth,English,335.0,1978-07-27,3.71,49,2,480.9,10,Mid (300-500),1970.0
1593,Religion and Politics in Aristophanes' Clouds,English,140.0,1992-01-01,0.0,0,0,313.0,5,Mid (300-500),1990.0
1594,Spectacles of Truth in Classical Greek Philosophy: Theoria in Its Cultural Context,English,311.0,2004-08-01,4.5,6,1,510.1,10,Premium (500-700),2000.0
1595,Genres in Dialogue: Plato and the Construct of Philosophy,English,238.0,2000-04-13,4.43,7,4,500.0,10,Mid (300-500),2000.0
1596,The Nightingale Question: Five Poets from Saxony,English,108.0,2004-07-15,0.0,0,0,309.8,5,Mid (300-500),2000.0
1597,Thomas Cole (Famous Artists Series,English,84.0,2000-01-01,3.75,8,0,457.4,10,Mid (300-500),2000.0
1598,"That Wilder Image (History of American Painting, Vol 2",English,429.0,1988-05-28,4.0,4,1,501.9,10,Premium (500-700),1980.0
1599,Thomas Cole,English,144.0,2000-10-01,4.33,12,1,486.6,10,Mid (300-500),2000.0
1600,The Life and Works of Thomas Cole,English,400.0,1997-08-01,3.67,12,2,485.8,10,Mid (300-500),1990.0
1601,"The Correspondence of Thomas Cole and Daniel Wadsworth: Letters in the Watkinson Library, Trinity College, Hartford and N. Y. State Lib., Albany, N.",English,74.0,1983-07-14,0.0,0,0,306.4,5,Mid (300-500),1980.0
1602,Thomas Cole's Paintings of Eden,English,71.0,1994-12-01,2.0,1,0,386.1,10,Mid (300-500),1990.0
1603,Thomas Cole's Poetry: The Collected Poems of America's Foremost Painter of the Hudson River School,English,220.0,1972-06-01,3.67,6,0,467.8,10,Mid (300-500),1970.0
1604,Along the Juniata: Thomas Cole and the Dissemination of American Landscape Imagery,English,143.0,2003-04-01,2.5,2,0,413.3,10,Mid (300-500),2000.0
1605,The Origins of Rhetoric in Ancient Greece,English,208.0,1995-04-01,3.25,4,0,449.8,10,Mid (300-500),1990.0
1606,Rhetoric and the Origins of Medieval Drama,English,281.0,1992-01-01,4.0,1,0,487.1,10,Mid (300-500),1990.0
1607,Democracy and Punishment: Disciplinary Origins of the United States,English,224.0,1987-09-01,4.0,2,0,481.4,10,Mid (300-500),1980.0
1608,"The Puritan Tradition in Revolutionary, Federalist, and Whig Political Theory: A Rhetoric of Origins",English,218.0,1998-06-01,0.0,0,0,320.8,5,Mid (300-500),1990.0
1609,"Rhetoric, The Bible, And The Origins Of Free Verse: The Early \""Hymns\"" Of Friedrich Gottlieb Klopstock",English,322.0,,0.0,0,0,331.2,5,Mid (300-500),
1610,Political Philosophy and Rhetoric: A Study of the Origins of American Party Politics,English,237.0,1977-04-28,3.0,2,0,442.7,10,Mid (300-500),1970.0
1611,Structure of Ancient Arguments,English,138.0,1986-07-28,4.0,4,1,472.8,10,Mid (300-500),1980.0
1612,Defining Reality: Definitions and the Politics of Meaning,English,232.0,2003-05-05,4.31,16,2,494.6,10,Mid (300-500),2000.0
1613,Protagoras and Logos: A Study in Greek Philosophy and Rhetoric,English,251.0,2003-10-31,4.0,14,0,484.1,10,Mid (300-500),2000.0
1614,The Beginnings of Rhetorical Theory in Classical Greece,English,240.0,1999-07-11,4.0,2,0,483.0,10,Mid (300-500),1990.0
1615,Mixing: Catholic-Protestant Marriages in the 1980's: A Guidebook for Couples and Families,English,143.0,1982-01-01,2.0,1,0,393.3,10,Mid (300-500),1980.0
1616,Gracchus Babeuf Avec Les Egaux,English,264.0,1991-01-01,0.0,0,0,325.4,5,Mid (300-500),1990.0
1617,Night,English,115.0,2006-01-16,4.0,1009116,3,484.1,94,Mid (300-500),2000.0
1618,The Curious Incident of the Dog in the Night-Time,English,226.0,2004-05-18,4.33,1237637,3,477.2,95,Mid (300-500),2000.0
1619,Night,English,193.0,2009-01-01,4.0,1009301,1,491.9,95,Mid (300-500),2000.0
1620,The Night Gardener,English,372.0,2006-08-08,3.66,5419,494,482.6,25,Mid (300-500),2000.0
1621,"Friday Night Lights: A Town, a Team, And a Dream",English,357.0,2006-08-22,4.13,52093,2662,499.9,50,Mid (300-500),2000.0
1622,A Midsummer Night's Dream,English,240.0,2016-07-01,3.95,454677,8416,481.0,100,Mid (300-500),2010.0
1623,Night of the Living Dead,English,,1981-01-01,4.02,920,67,559.8,10,Premium (500-700),1980.0
1624,West with the Night,English,294.0,1983-01-01,4.12,32852,3176,493.2,50,Mid (300-500),1980.0
1625,Twelfth Night,English,272.0,2004-07-01,3.98,158681,3914,485.4,100,Mid (300-500),2000.0
1626,Brokeback Mountain: Story to Screenplay,English,166.0,2006-04-11,4.13,1415,65,480.8,25,Mid (300-500),2000.0
1627,Brokeback Mountain,English,55.0,2005-12-02,3.95,31394,2553,462.5,50,Mid (300-500),2000.0
1628,Brokeback Mountain,English,64.0,1997-01-01,3.95,31397,2553,463.4,50,Mid (300-500),1990.0
1629,Close Range: Brokeback Mountain and Other stories,English,318.0,2006-01-01,3.99,14990,1099,490.4,50,Mid (300-500),2000.0
1630,Brokeback Mountain: Secreto en la Montaña,Spanish,332.0,2006-01-28,3.99,14990,1099,491.8,50,Mid (300-500),2000.0
1631,Brokeback Mountain,English,,,3.95,31397,2553,557.0,50,Premium (500-700),
1632,Brokeback Mountain,English,176.0,2006-02-20,3.95,31397,2553,474.6,50,Mid (300-500),2000.0
1633,Getting Things Done: The Art of Stress-Free Productivity,English,267.0,2002-12-31,3.98,135045,5328,484.9,100,Mid (300-500),2000.0
1634,Getting Things Done When You Are Not in Charge,English,176.0,2001-08-27,3.45,103,14,454.6,10,Mid (300-500),2000.0
1635,Execution: The Discipline of Getting Things Done,English,278.0,2002-01-01,3.87,23743,430,481.6,50,Mid (300-500),2000.0
1636,The Complete Idiot's Guide to Getting Things Done,English,324.0,2005-12-06,3.93,28,0,488.6,10,Mid (300-500),2000.0
1637,"The Three Ways of Getting Things Done: Hierarchy, Heterarchy and Responsible Autonomy in Organizations",English,130.0,2007-01-01,4.3,10,2,484.0,10,Mid (300-500),2000.0
1638,"Results That Matter: Improving Communities by Engaging Citizens, Measuring Performance, and Getting Things Done",English,242.0,2005-11-01,4.08,13,0,486.4,10,Mid (300-500),2000.0
1639,"The Leader's Handbook: Making Things Happen, Getting Things Done",English,415.0,1997-12-22,4.16,134,10,506.9,10,Premium (500-700),1990.0
1640,Execution: The Discipline Of Getting Things Done,English,,,3.87,23751,430,553.8,50,Premium (500-700),
1641,Guide to Getting Things Done,English,,1977-11-08,0.0,0,0,399.0,5,Mid (300-500),1970.0
1642,Formas breves,Spanish,144.0,2001-06-01,4.22,357,46,482.2,10,Mid (300-500),2000.0
1643,El último lector,Spanish,192.0,2009-07-15,4.16,492,51,484.6,10,Mid (300-500),2000.0
1644,The Absent City,English,160.0,2000-11-15,3.76,719,86,465.4,10,Mid (300-500),2000.0
1645,Money to Burn,English,209.0,2004-08-01,3.77,1730,142,470.7,25,Mid (300-500),2000.0
1646,Respiración artificial,Spanish,224.0,2008-03-01,3.98,1915,159,480.6,25,Mid (300-500),2000.0
1647,Ricardo Piglia y La Cultura de La Contravenc,Spanish,333.0,1997-08-28,0.0,0,0,332.3,5,Mid (300-500),1990.0
1648,"Poéticas en suspenso: Migraciones narrativas en Ricardo Piglia, Andres Rivera y Juan José Saer",Spanish,,2003-02-28,0.0,0,0,399.0,5,Mid (300-500),2000.0
1649,Ricardo Piglia y Sus Precursores,Spanish,,2005-06-28,0.0,0,0,399.0,5,Mid (300-500),2000.0
1650,"Peripheral (Post) Modernity: The Syncretist Aesthetics of Borges, Piglia, Kalokyris and Kyriakidis",English,303.0,2006-11-02,0.0,0,0,329.3,5,Mid (300-500),2000.0
1651,Argentina-S: Ricardo Piglia Dialoga Con la Generacion del 37 en la Discontinuidad,Spanish,206.0,1999-08-28,0.0,0,0,319.6,5,Mid (300-500),1990.0
1652,Modos de ensayo: De Borges a Piglia,English,288.0,2005-12-28,4.25,4,0,497.8,10,Mid (300-500),2000.0
1653,"Narrativas De La Guerra Sucia En La Argentina: Piglia, Saer, Vale",English,176.0,1999-04-28,2.0,1,0,396.6,10,Mid (300-500),1990.0
1654,Plata quemada,Spanish,232.0,2005-07-01,3.77,1730,142,473.0,25,Mid (300-500),2000.0
1655,Diccionario de La Novela de Macedonio Fernandez,Spanish,,2000-05-28,4.0,1,0,559.0,10,Premium (500-700),2000.0
1656,Ficciones Argentinas: Antologia de Lecturas Criticas,Spanish,366.0,2004-04-28,3.0,2,0,455.6,10,Mid (300-500),2000.0
1657,Feeding Frenzy: Attack Journalism and American Politics,English,202.0,2000-01-01,3.67,39,2,466.0,10,Mid (300-500),2000.0
1658,"American Government: Continuity and Change, Alternate Edition",English,664.0,2005-03-11,2.76,25,2,475.8,10,Mid (300-500),2000.0
1659,American Government; Continuity and Change,English,,2006-03-28,2.76,25,2,509.4,10,Premium (500-700),2000.0
1660,El Túnel,Spanish,,1992-05-09,4.05,48687,3249,561.0,50,Premium (500-700),1990.0
1661,No Excuses: Antonio Sabato Jr. Workout For Life,English,144.0,1999-10-15,3.4,10,0,449.4,10,Mid (300-500),1990.0
1662,Aleppo Tales,English,269.0,2005-07-01,4.16,45,2,492.3,10,Mid (300-500),2000.0
1663,Adjusting Sights,English,154.0,2006-10-01,4.08,142,17,477.6,10,Mid (300-500),2000.0
1664,Essentials of American and Texas Government: Continuity and Change,English,854.0,2005-07-29,3.5,8,2,524.4,10,Premium (500-700),2000.0
1665,American Government: Continuity And Change,English,,,2.76,25,2,509.4,10,Premium (500-700),
1666,On Heroes and Tombs,English,448.0,1988-01-12,4.27,9397,434,514.6,25,Premium (500-700),1980.0
1667,El túnel,Spanish,159.0,2003-07-01,4.05,48687,3249,476.9,50,Mid (300-500),2000.0
1668,The Tunnel,English,232.0,1991-09-13,4.05,48687,3249,484.2,50,Mid (300-500),1990.0
1669,Lo Mejor De Ernesto Sabato,English,237.0,1989-06-02,4.21,24,3,491.1,10,Mid (300-500),1980.0
1670,Antes Del Fin,Spanish,192.0,2003-01-01,4.01,1986,123,478.6,25,Mid (300-500),2000.0
1671,Obra Completa Narrativa,Spanish,952.0,1997-08-28,4.77,13,0,585.0,10,Premium (500-700),1990.0
1672,Paginas de Ernesto Sabato,Spanish,265.0,1999-05-28,3.67,6,0,472.3,10,Mid (300-500),1990.0
1673,Uno y el Universo,Spanish,143.0,2003-07-28,3.88,483,26,468.5,10,Mid (300-500),2000.0
1674,Genio y Figura de Ernesto Sabato,English,251.0,1997-05-28,2.5,2,0,424.1,10,Mid (300-500),1990.0
1675,Medio Siglo Con Sabato: Entrevistas,Spanish,398.0,2000-03-28,3.57,7,0,481.6,10,Mid (300-500),2000.0
1676,El túnel,Spanish,200.0,1999-07-01,4.05,48668,3249,481.0,50,Mid (300-500),1990.0
1677,Sobre héroes y tumbas,Spanish,547.0,1999-10-28,4.27,9396,434,524.5,25,Premium (500-700),1990.0
1678,Ernesto Sabato,English,,1970-06-01,0.0,0,0,399.0,5,Mid (300-500),1970.0
1679,LA Signification Del Genero: Estudio Semiotico De Las Novelas Y Ensayos De Ernesto Sabato (Coleccion Polymita,English,202.0,1992-07-01,5.0,1,0,519.2,10,Premium (500-700),1990.0
1680,Ernesto Sabato: La Littérature Comme Absolu,English,121.0,1989-01-01,0.0,0,0,311.1,5,Mid (300-500),1980.0
1681,The Confessions (Works of Saint Augustine 1,English,416.0,2002-12-01,3.91,50540,2491,497.0,50,Mid (300-500),2000.0
1682,The Confessions of St. Augustine,English,199.0,2005-03-01,3.91,50540,2491,475.3,50,Mid (300-500),2000.0
1683,The Confessions of Saint Augustine,English,290.0,2002-08-16,3.91,50540,2491,484.4,50,Mid (300-500),2000.0
1684,The City of God,English,905.0,2000-09-12,3.93,10501,504,546.7,50,Premium (500-700),2000.0
1685,The Enchiridion on Faith Hope and Love (Augustine Series 1,English,144.0,1999-10-01,4.09,553,59,477.0,10,Mid (300-500),1990.0
1686,Augustine of Hippo: A Biography,English,576.0,2000-11-24,4.28,1870,142,527.8,25,Premium (500-700),2000.0
1687,Augustine Came to Kent,English,179.0,1996-10-28,3.65,305,37,462.9,10,Mid (300-500),1990.0
1688,Trinity (Works of Saint Augustine,English,472.0,2002-12-01,4.34,931,64,519.8,10,Premium (500-700),2000.0
1689,The Confessions,English,360.0,2004-05-01,3.91,50540,2491,491.4,50,Mid (300-500),2000.0
1690,The City of God against the Pagans,English,1278.0,1998-09-24,3.93,10503,504,584.0,50,Premium (500-700),1990.0
1691,On Christian Teaching,English,194.0,1999-09-16,4.03,3087,163,479.6,25,Mid (300-500),1990.0
1692,The Political Writings of St. Augustine,English,384.0,1981-01-01,3.84,334,19,491.0,10,Mid (300-500),1980.0
1693,On Christian Doctrine,English,191.0,1958-01-11,4.03,3084,163,479.3,25,Mid (300-500),1950.0
1694,The Confessions of Saint Augustine,English,13.0,2006-05-01,3.91,50540,2491,456.7,50,Mid (300-500),2000.0
1695,"Augustine, the Farmer's Boy of Tagaste",English,93.0,1998-01-01,3.66,71,11,454.7,10,Mid (300-500),1990.0
1696,Augustine's Laws,English,395.0,1997-01-01,4.04,70,6,500.1,10,Premium (500-700),1990.0
1697,CliffsNotes on St. Augustine's Confessions,English,96.0,2004-03-19,3.33,6,1,441.8,10,Mid (300-500),2000.0
1698,"Confessions, Books 1-13",English,296.0,1993-01-01,3.8,125,17,480.6,10,Mid (300-500),1990.0
1699,Earlier Writings,English,420.0,1979-06-01,3.76,46,5,491.4,10,Mid (300-500),1970.0
1701,Augustine: A New Biography,English,432.0,2006-04-25,3.72,159,24,491.0,10,Mid (300-500),2000.0
1702,Saint Augustine,English,176.0,2005-08-30,3.53,406,50,457.8,10,Mid (300-500),2000.0
1703,Augustine: A Very Short Introduction,English,144.0,2001-06-07,3.71,330,48,461.8,10,Mid (300-500),2000.0
1704,Day by Day with Saint Augustine,English,320.0,2006-02-01,4.46,13,1,509.4,10,Premium (500-700),2000.0
1706,Later Works,English,360.0,1955-01-01,4.21,34,3,503.4,10,Premium (500-700),1950.0
1707,On Genesis/A Refutation of the Manichees/The Unfinished Literal Meaning of Genesis (Works of St Augustine 1,English,540.0,2004-05-01,4.0,35,3,513.0,10,Premium (500-700),2000.0
1708,Augustine: Ancient Thought Baptized,English,356.0,1996-09-12,4.2,5,1,502.6,10,Premium (500-700),1990.0
1709,Kitchen Confidential: Adventures in the Culinary Underbelly,English,302.0,2001-05-01,4.08,238582,12442,492.4,100,Mid (300-500),2000.0
1710,Confesiones de un chef,Spanish,478.0,2003-02-01,4.08,238582,12442,510.0,100,Premium (500-700),2000.0
1712,Memoirs of a Midget,English,432.0,2004-07-01,3.68,212,38,489.4,10,Mid (300-500),2000.0
1713,The Metamorphoses of Ovid,English,559.0,1995-04-15,4.07,59609,1697,517.7,50,Premium (500-700),1990.0
1714,Metamorphoses,English,416.0,1955-12-12,4.07,59611,1697,503.4,50,Premium (500-700),1950.0
1716,Love & Transformation: An Ovid Reader,English,192.0,1998-06-18,3.98,41,3,477.4,10,Mid (300-500),1990.0
1717,Tales from Ovid,English,264.0,1997-01-01,4.25,2417,147,495.4,25,Mid (300-500),1990.0
1718,Metamorphoses,English,624.0,2003-11-17,4.07,59611,1697,524.2,50,Premium (500-700),2000.0
1719,Amores & Metamorphoses: Selections,English,195.0,1999-01-01,4.24,46,0,488.1,10,Mid (300-500),1990.0
1720,Ovid's Metamorphoses: Books 1-5,English,584.0,1998-01-15,4.26,253,16,527.8,10,Premium (500-700),1990.0
1721,Ovid’s Metamorphoses: Books 6-10,English,560.0,1978-01-15,4.3,40,4,527.0,10,Premium (500-700),1970.0
1722,Latin Via Ovid: A First Course,English,524.0,1982-09-01,4.34,82,10,525.0,10,Premium (500-700),1980.0
1723,The Art of Love,English,208.0,1960-01-22,3.82,5080,337,472.6,25,Mid (300-500),1960.0
1724,The Metamorphoses of Ovid,English,342.0,1994-04-01,4.07,59611,1697,496.0,50,Mid (300-500),1990.0
1725,The Art of Love and Other Poems,English,400.0,1929-01-01,4.03,102,5,500.2,10,Premium (500-700),1920.0
1726,"Ovid's \""Metamorphoses\",English,535.0,2004-01-06,4.07,59611,1697,515.3,50,Premium (500-700),2000.0
1727,The Erotic Poems,English,464.0,1983-02-24,4.11,2203,92,509.8,25,Premium (500-700),1980.0
1728,The Poems of Exile: Tristia and the Black Sea Letters,English,451.0,2005-01-18,4.1,541,27,508.1,10,Premium (500-700),2000.0
1729,"Metamorphoses: Volume 2, Books IX-XV",English,499.0,1985-01-01,4.51,65,5,529.3,10,Premium (500-700),1980.0
1730,"Metamorphoses: Volume I, Books I-VIII",English,496.0,1977-01-01,4.41,873,19,525.0,10,Premium (500-700),1970.0
1731,Practice! Practice!: A Latin Via Ovid Workbook (Revised Ed.,English,152.0,1995-07-01,4.08,13,0,477.4,10,Mid (300-500),1990.0
1732,Tristia. Ex Ponto,English,560.0,1924-01-01,4.1,541,27,519.0,10,Premium (500-700),1920.0
1733,Silent Screens: The Decline and Transformation of the American Movie Theater,English,128.0,2000-07-03,4.07,15,0,474.6,10,Mid (300-500),2000.0
1734,Virgil's Aeneid: Interpretation and Influence,English,352.0,1995-04-17,4.11,9,0,498.6,10,Mid (300-500),1990.0
1735,Short Epics,English,184.0,2004-07-30,4.5,6,1,497.4,10,Mid (300-500),2000.0
1736,Aftifices of Eternity: Horace's Fourth Book of Odes,English,352.0,1996-09-01,4.25,4,1,504.2,10,Premium (500-700),1990.0
1737,Poetic Interplay: Catullus and Horace,English,171.0,2006-07-23,3.5,4,1,456.1,10,Mid (300-500),2000.0
1738,Virgil's Pastoral Art: Studies in the Eclogues,English,398.0,1970-12-31,0.0,0,0,338.8,5,Mid (300-500),1970.0
1739,Virgil's Poem of the Earth: Studies in the Georgics,English,336.0,1979-12-31,0.0,0,0,332.6,5,Mid (300-500),1970.0
1740,"Essays On Latin Lyric, Elegy, And Epic",English,,,5.0,1,0,599.0,10,Premium (500-700),
1741,"Horace's \""Carmen Saeculare\"": Ritual Magic and the Poet`s Art",English,192.0,2001-01-11,5.0,2,1,518.2,10,Premium (500-700),2000.0
1742,The Virgilian Tradition: The First Fifteen Hundred Years,English,1128.0,2008-03-11,3.32,19,1,544.6,10,Premium (500-700),2000.0
1743,Virgil's Epic Designs: Ekphrasis in the Aeneid,English,272.0,1998-08-11,4.0,1,0,486.2,10,Mid (300-500),1990.0
1744,Tibullus: A Commentary,English,222.0,1979-11-15,3.71,7,1,469.6,10,Mid (300-500),1970.0
1745,The Poetry of the Aeneid: On the Institution of Authorship,English,238.0,1989-01-01,4.0,3,0,482.8,10,Mid (300-500),1980.0
1746,In Spite of Innocence,English,399.0,1994-05-26,4.31,26,4,511.3,10,Premium (500-700),1990.0
1747,The Future of Investment Management,English,64.0,1998-01-01,0.0,0,0,305.4,5,Mid (300-500),1990.0
1748,"Singers, Heroes, and Gods in the Odyssey",English,264.0,2010-10-05,5.0,6,2,525.4,10,Premium (500-700),2010.0
1749,Tragedy and Civilization: An Interpretation of Sophocles,English,528.0,1999-03-15,4.47,15,0,530.6,10,Premium (500-700),1990.0
1750,Dionysiac Poetics and Euripides' Bacchae,English,440.0,1997-11-16,4.5,16,0,523.0,10,Premium (500-700),1990.0
1751,Oedipus Tyrannus: Tragic Heroism and the Limits of Knowledge,English,208.0,2000-12-21,4.14,21,2,485.4,10,Mid (300-500),2000.0
1752,Antigone,English,197.0,2007-09-01,3.67,109643,3050,465.5,100,Mid (300-500),2000.0
1753,Poetry and Myth in Ancient Pastoral: Essays on Theocritus and Virgil,English,360.0,1981-11-21,4.33,3,1,508.2,10,Premium (500-700),1980.0
1754,Lucretius on Death and Anxiety: Poetry and Philosophy in de Rerum Natura,English,291.0,1990-09-06,4.33,9,0,501.3,10,Premium (500-700),1990.0
1755,Pindar's Mythmaking: The Fourth Pythian Ode,English,223.0,1986-07-21,4.25,4,0,491.3,10,Mid (300-500),1980.0
1756,Dionysiac Poetics And Euripides' Bacchae,English,,,4.5,16,0,579.0,10,Premium (500-700),
1757,"Aglaia: The Poetry of Alcman, Sappho, Pindar, Bacchylides, and Corinna",English,352.0,1997-11-28,4.75,4,0,524.2,10,Premium (500-700),1990.0
1758,"Sophocles' Tragic World: Divinity, Nature, Society",English,276.0,1995-12-13,4.14,7,1,492.2,10,Mid (300-500),1990.0
1759,"Euripides and the Poetics of Sorrow: Art, Gender, and Commemoration in Alcestis, Hippolytus, and Hecuba",English,328.0,1993-10-19,4.33,6,0,505.0,10,Premium (500-700),1990.0
1760,Orpheus: The Myth Of The Poet,English,,,3.87,15,1,553.8,10,Premium (500-700),
1761,Antigone,English,208.0,2003-06-05,3.67,109619,3050,466.6,100,Mid (300-500),2000.0
1762,Conversations with Lincoln,English,448.0,2002-04-28,4.2,5,1,511.8,10,Premium (500-700),2000.0
1763,"Language and Desire in Seneca's \""Phaedra\",English,257.0,1986-07-21,3.5,4,0,464.7,10,Mid (300-500),1980.0
1764,Preventing Medication Errors and Improving Drug Therapy Outcomes: A Management Systems Approach,English,434.0,2003-02-25,2.67,3,0,449.2,10,Mid (300-500),2000.0
1765,The Rhetoric Of Imitation: Genre And Poetic Memory In Virgil And Other Latin Poets,English,,,4.13,8,0,564.2,10,Premium (500-700),
1766,The AutoCAD 3D Book,English,318.0,1991-05-01,1.0,1,0,370.8,10,Mid (300-500),1990.0
1767,Instant Songwriting with the Piano,English,176.0,2007-04-02,0.0,0,0,316.6,5,Mid (300-500),2000.0
1769,Electronic Structure: Basic Theory and Practical Methods,English,650.0,2004-08-04,4.31,16,1,536.4,10,Premium (500-700),2000.0
1770,The Tower,English,,,3.42,368,33,535.8,10,Premium (500-700),
1771,Object-Oriented Programming in C++,English,640.0,1999-08-13,3.88,16,0,518.2,10,Premium (500-700),1990.0
1772,The Tower,English,302.0,1974-08-01,3.42,368,33,466.0,10,Mid (300-500),1970.0
1773,Fanaroff and Martin's Neonatal-Perinatal Medicine: Diseases of the Fetus and Infant (Expert Consult - Online and Print) (2-Volume Set,English,2036.0,2005-09-01,5.0,4,0,702.6,10,Luxury (700+),2000.0
1774,"Humanity Dick: A Biography of Richard Martin, M. P., 1754-1834",English,,,3.67,3,1,545.8,10,Premium (500-700),
1775,The Language of Heroes,English,288.0,1992-01-01,4.33,3,1,501.0,10,Premium (500-700),1990.0
1776,Cameron Townsend: Good News in Every Language,English,221.0,2001-12-05,4.04,623,53,482.7,10,Mid (300-500),2000.0
1777,Einstein's Heroes: Imagining the World Through the Language of Mathematics,English,323.0,2006-07-01,3.71,97,12,479.7,10,Mid (300-500),2000.0
1778,4 Heroes and a Haunted House,English,114.0,1998-01-01,4.49,514,26,490.0,10,Mid (300-500),1990.0
1779,The Heroes of Shakespeare's Tragedies,English,204.0,1988-05-01,3.6,4223,0,463.4,25,Mid (300-500),1980.0
1780,The Refining Fire: Herakles and Other Heroes in T.S. Eliot's Works,English,188.0,1992-07-01,0.0,0,0,317.8,5,Mid (300-500),1990.0
1781,Homeric Responses,English,100.0,2003-12-04,4.42,12,0,485.8,10,Mid (300-500),2000.0
1782,Comparative Studies in Greek and Indic Meter,English,348.0,2001-12-01,4.67,6,0,520.6,10,Premium (500-700),2000.0
1783,Homer's Text and Language,English,224.0,2004-10-27,4.5,6,0,501.4,10,Premium (500-700),2000.0
1784,"In A Rehearsal Room: A Portrait Of Two Dancers, Cynthia Gregory And Ivan Nagy, And Of A Dance Film In The Making, In A Rehearsal Room, Choreographed By William Carter And Directed By David Hahn",English,,1976-01-01,4.0,7,0,559.0,10,Premium (500-700),1970.0
1785,The Best of the Achaeans: Concepts of the Hero in Archaic Greek Poetry,English,424.0,1998-10-01,4.2,50,6,509.4,10,Premium (500-700),1990.0
1786,Homeric Questions,English,180.0,1996-01-01,4.25,28,2,487.0,10,Mid (300-500),1990.0
1787,Antiquities,English,481.0,2001-05-01,4.0,3,0,507.1,10,Premium (500-700),2000.0
1788,"Archaic Period (Greek Literature, Volume 2",English,350.0,2002-01-02,5.0,1,0,534.0,10,Premium (500-700),2000.0
1789,Greek Literature in the Classical Period: The Prose of Historiography and Oratory: Greek Literature,English,410.0,2001-12-21,5.0,2,0,540.0,10,Premium (500-700),2000.0
1790,Greek Literature in the Roman Period and in Late Antiquity: Greek Literature,English,414.0,2001-12-29,5.0,1,0,540.4,10,Premium (500-700),2000.0
1791,Greek Literature in the Byzantine Period: Greek Literature,English,468.0,2001-12-29,5.0,2,0,545.8,10,Premium (500-700),2000.0
1792,"Preliterate Period (Greek Literature, Volume 1",English,350.0,2001-12-21,5.0,1,0,534.0,10,Premium (500-700),2000.0
1793,"Roman Period (Greek Literature, Volume 6",English,350.0,2001-12-29,4.0,4,0,494.0,10,Mid (300-500),2000.0
1794,Greek Dialects and the Transformation of an Indo-European Process,English,214.0,1970-01-01,5.0,2,0,520.4,10,Premium (500-700),1970.0
1795,"Classical Period : Poetics of Drama (Greek Literature, Volume 3",English,350.0,2001-12-21,5.0,1,0,534.0,10,Premium (500-700),2000.0
1796,The Iliad,English,594.0,1992-03-19,3.87,365125,7678,513.2,100,Premium (500-700),1990.0
1797,Pindar's Homer: The Lyric Possession of an Epic Past,English,414.0,1994-03-01,4.62,13,1,525.2,10,Premium (500-700),1990.0
1798,Plato's Rhapsody and Homer's Music: The Poetics of the Panathenaic Festival in Classical Athens,English,136.0,2002-12-30,4.67,3,0,499.4,10,Mid (300-500),2000.0
1799,"Language, Sexuality, Narrative: The Oresteia",English,328.0,2004-05-20,3.33,3,1,465.0,10,Mid (300-500),2000.0
1800,"Love, Sex & Tragedy: How the Ancient World Shapes Our Lives",English,345.0,2005-11-01,3.8,167,19,485.5,10,Mid (300-500),2000.0
1801,Reading Greek Tragedy,English,302.0,1986-05-08,4.15,34,3,495.2,10,Mid (300-500),1980.0
1802,The Poet's Voice: Essays on Poetics and Greek Literature,English,384.0,1990-11-30,4.0,6,1,497.4,10,Mid (300-500),1990.0
1803,"Love, Sex and Tragedy: Why Classics Matter",English,352.0,2005-02-07,3.8,167,19,486.2,10,Mid (300-500),2000.0
1804,Who Needs Greek? Contests in the Cultural History of Hellenism,English,334.0,2002-04-04,3.33,12,1,465.6,10,Mid (300-500),2000.0
1805,Foucault's Virginity: Ancient Erotic Fiction & the History of Sexuality,English,212.0,1995-01-26,3.75,12,1,470.2,10,Mid (300-500),1990.0
1806,Greek Rhetoric Before Aristotle,English,159.0,1993-01-01,3.5,10,2,454.9,10,Mid (300-500),1990.0
1807,"History of the Progressive Party, 1912-1916",English,305.0,1978-03-29,0.0,0,0,329.5,5,Mid (300-500),1970.0
1808,Correctional Case Management,English,250.0,1996-01-01,3.0,1,0,444.0,10,Mid (300-500),1990.0
1809,Alternative Sentencing: Electronically Monitored Correctional Supervision,English,225.0,1999-09-01,0.0,0,0,321.5,5,Mid (300-500),1990.0
1810,The Literate Mode of Cicero's Legal Rhetoric,English,144.0,1987-12-01,5.0,1,0,513.4,10,Premium (500-700),1980.0
1811,Oral and Written Communication: Historical Approaches,English,264.0,1990-06-01,0.0,0,0,325.4,5,Mid (300-500),1990.0
1812,Not One More Death,English,80.0,2006-09-17,3.83,64,6,460.2,10,Mid (300-500),2000.0
1813,Strauss: Arabella (Eno 30,English,112.0,1985-04-01,3.0,1,0,430.2,10,Mid (300-500),1980.0
1814,2012: The Return of Quetzalcoatl,English,408.0,2006-05-04,3.42,1711,281,476.6,25,Mid (300-500),2000.0
1815,Breaking Open the Head: A Psychedelic Journey Into the Heart of Contemporary Shamanism,English,336.0,2003-08-12,4.06,3148,184,495.0,25,Mid (300-500),2000.0
1816,A Psychonaut's Guide to the Invisible Landscape: The Topography of the Psychedelic Experience,English,128.0,2006-02-14,3.68,37,2,459.0,10,Mid (300-500),2000.0
1817,Breaking Open the Head: A Psychedelic Journey from Cynicism to Shamanism,English,336.0,2004-02-02,4.06,3148,184,495.0,25,Mid (300-500),2000.0
1818,Jeff Koons/Andy Warhol: Flowers,English,111.0,2003-02-02,4.4,5,0,486.1,10,Mid (300-500),2000.0
1819,"Abstraction As Figuration, Five Abstract Painters: Primal Denouements:  Linda Gentile, Peter Pinchbeck, Richard Pugliese, Edwin Ruda, Joseph Walentini",English,12.0,1990-01-01,0.0,0,0,300.2,5,Mid (300-500),1990.0
1820,Christopher Pinchbeck And His Family,English,71.0,1976-01-01,0.0,0,0,306.1,5,Mid (300-500),1970.0
1821,The Pinchbeck Masterpiece,English,224.0,1970-01-01,0.0,0,0,321.4,5,Mid (300-500),1970.0
1822,Open City,English,250.0,2001-02-02,4.0,2,0,484.0,10,Mid (300-500),2000.0
1823,Them: Adventures with Extremists,English,336.0,2003-01-07,3.96,17438,1186,491.0,50,Mid (300-500),2000.0
1824,The Men Who Stare at Goats,English,259.0,2006-04-10,3.62,15754,1335,469.7,50,Mid (300-500),2000.0
1826,Maximum Accessibility: Making Your Web Site More Usable for Everyone: Making Your Web Site More Usable for Everyone,English,640.0,2002-09-30,3.92,13,0,519.8,10,Premium (500-700),2000.0
1827,Amazing Rain Forest (Rain Forest Today Discovery Library,English,,,4.0,3,0,559.0,10,Premium (500-700),
1828,Amazing Rain Forest,English,24.0,1994-01-01,4.25,4,0,471.4,10,Mid (300-500),1990.0
1829,Splish Splash!: A Book about Rain,English,24.0,2003-09-01,3.37,27,6,436.2,10,Mid (300-500),2000.0
1830,Totally Amazing Rain Forests,English,32.0,1998-08-25,4.67,3,1,489.0,10,Mid (300-500),1990.0
1831,Amazing Rain,English,100.0,2004-11-02,4.34,77,7,482.6,10,Mid (300-500),2000.0
1832,Kids' Crafts: Stamp It!: 50 Amazing Projects to Make,English,112.0,2005-08-01,3.5,2,0,450.2,10,Mid (300-500),2000.0
1833,Out-of-This-World Astronomy: 50 Amazing Activities  Projects,English,128.0,2003-10-01,3.8,5,0,463.8,10,Mid (300-500),2000.0
1834,Gecko Gathering PB,English,27.0,2004-03-01,3.0,2,1,421.7,10,Mid (300-500),2000.0
1835,The Practice of the Wild: Essays,English,208.0,2003-11-24,4.2,2264,117,487.8,25,Mid (300-500),2000.0
1836,Practice of the Wild,English,190.0,1990-09-20,4.2,2264,117,486.0,25,Mid (300-500),1990.0
1837,Wild Goose Marina Practice Set,English,,1999-06-01,0.0,0,0,399.0,5,Mid (300-500),1990.0
1838,"Wild Life Conservation in Theory and Practice: Lectures Delivered Before the Forest School of Yale University, 1914",English,240.0,1992-01-01,0.0,0,0,323.0,5,Mid (300-500),1990.0
1839,"Guns, Germs and Steel: The Fates of Human Societies",English,518.0,2005-07-11,4.03,321626,11458,512.0,100,Premium (500-700),2000.0
1840,"Guns, Germs, and Steel (SparkNotes B&N Reader's Companion",English,72.0,2003-05-23,4.02,62,4,467.0,10,Mid (300-500),2000.0
1841,"Armas, gérmenes y acero",Spanish,588.0,2006-04-01,4.03,321670,11459,519.0,100,Premium (500-700),2000.0
1842,"Guns, Germs, and Steel: The Fates of Human Societies",English,498.0,2005-01-01,4.03,321602,11457,510.0,100,Premium (500-700),2000.0
1843,Caught Inside: A Surfer's Year on the California Coast,English,256.0,1997-04-10,3.88,696,66,479.8,10,Mid (300-500),1990.0
1845,Into the Wild,English,207.0,1997-01-20,3.5,911921,2,479.3,89,Mid (300-500),1990.0
1846,Wild at Heart: Discovering the Secret of a Man's Soul,English,256.0,2001-04-01,3.92,70121,2118,481.4,50,Mid (300-500),2000.0
1847,Wild at Heart: Discovering the Secret of a Man's Soul,English,242.0,2006-01-03,3.92,70131,2119,480.0,50,Mid (300-500),2000.0
1848,Wild Swans: Three Daughters of China,English,562.0,2003-08-12,4.24,96471,5920,524.8,50,Premium (500-700),2000.0
1849,Wild Fire,English,519.0,2006-11-06,4.02,24456,1155,511.7,50,Premium (500-700),2000.0
1850,Born to Be Wild,English,354.0,2006-07-25,3.79,2960,134,486.0,25,Mid (300-500),2000.0
1851,Wild at Heart Field Manual: A Personal Guide to Discover the Secret of Your Masculine Soul,English,288.0,2002-03-31,4.11,264,5,492.2,10,Mid (300-500),2000.0
1852,The Call of the Wild,English,172.0,2001-01-01,3.88,355517,11655,471.4,100,Mid (300-500),2000.0
1853,Wild About Books,English,40.0,2004-08-10,4.18,4678,410,470.2,25,Mid (300-500),2000.0
1854,Designing for Interaction: Creating Smart Applications and Clever Devices,English,231.0,2006-07-28,3.93,853,37,479.3,10,Mid (300-500),2000.0
1855,The Art and Science of Web Design,English,300.0,2000-12-28,3.85,89,4,483.0,10,Mid (300-500),2000.0
1856,In Web Design for Libraries,English,196.0,2006-12-01,2.67,9,2,425.4,10,Mid (300-500),2000.0
1859,Web-Based Instruction: A Guide for Libraries,English,194.0,2001-01-01,3.62,21,3,463.2,10,Mid (300-500),2000.0
1860,Web Production for Writers and Journalists (Media Skills,English,176.0,2002-08-02,0.0,0,1,316.6,5,Mid (300-500),2000.0
1861,The Plastic Film and Foil Web Handling Guide,English,192.0,2002-10-29,3.67,3,0,465.0,10,Mid (300-500),2000.0
1862,Creating Database-Backed Library Web Pages: Using Open Source Tools,English,268.0,2006-04-01,3.0,2,0,445.8,10,Mid (300-500),2000.0
1863,"Creating a Power Web Site: Html, Tables, Imagemaps, Frames, and Forms",English,199.0,1998-01-01,0.0,0,0,318.9,5,Mid (300-500),1990.0
1864,Hotwired Style: Principles for Building Smart Web Sites,English,288.0,1997-09-25,3.59,27,0,471.4,10,Mid (300-500),1990.0
1865,Arte y Ciencia del Diseo Web,Spanish,,2001-08-28,3.85,89,4,553.0,10,Premium (500-700),2000.0
1866,Web Redesign: Workflow That Works: Methodologies and Business Practices for on T,English,,,3.98,60,0,558.2,10,Premium (500-700),
1867,The Elements of User Experience: User-Centered Design for the Web (Voices (New Riders,English,208.0,2002-10-11,3.99,3820,145,479.4,25,Mid (300-500),2000.0
1868,Observing the User Experience: A Practitioner's Guide to User Research,English,576.0,2003-04-08,4.0,631,18,516.6,10,Premium (500-700),2000.0
1869,Nickel and Dimed: On (Not) Getting by in America,English,240.0,2002-05-01,3.63,182171,6531,468.2,100,Mid (300-500),2000.0
1870,Nickel and Dimed,English,67.0,2006-01-24,3.27,138,10,436.5,10,Mid (300-500),2000.0
1871,Nickel and Dimed: On (Not) Getting By in America,English,223.0,2002-06-18,3.63,182178,6531,466.5,100,Mid (300-500),2000.0
1872,Nickel and Dimed On (Not) Getting By in America,English,225.0,2001-01-01,3.63,182178,6531,466.7,100,Mid (300-500),2000.0
1873,Nickel and Dimed: On (Not) Getting by in America,English,,2005-04-15,3.63,182178,6531,544.2,100,Premium (500-700),2000.0
1874,Por Cuatro Duros/nickel And Dimed: Como (No) Apanarselas En Estados Unidos,English,239.0,2003-01-01,3.63,182178,6531,468.1,100,Mid (300-500),2000.0
1875,"The History of Sexuality, Volume 1: An Introduction",English,176.0,1990-01-01,4.04,18825,831,478.2,50,Mid (300-500),1990.0
1876,"The History of Sexuality, Volume 3: The Care of the Self",English,288.0,1988-01-01,4.05,2228,72,489.8,25,Mid (300-500),1980.0
1877,The History of Sexuality 1: An Introduction,English,168.0,1978-10-01,4.04,18829,831,477.4,50,Mid (300-500),1970.0
1878,"The History of Sexuality, Volume 2: The Use of Pleasure",English,304.0,1990-01-01,4.07,3535,114,492.2,25,Mid (300-500),1990.0
1879,"The History of Sexuality, Volume 1: The Will to Knowledge",English,168.0,1998-10-29,4.04,18829,831,477.4,50,Mid (300-500),1990.0
1880,Intimate Matters: A History of Sexuality in America,English,466.0,1998-02-28,4.04,926,42,507.2,10,Premium (500-700),1990.0
1881,Histories of Sexuality: Antiquity to Sexual Revolution,English,,,3.71,21,4,547.4,10,Premium (500-700),
1882,Histories of Sexuality: Antiquity to Sexual Revolution,English,288.0,2004-11-02,3.71,21,4,476.2,10,Mid (300-500),2000.0
1883,"The History of Sexuality, Volume 2: The Use of Pleasure",English,304.0,1998-07-30,4.07,3535,114,492.2,25,Mid (300-500),1990.0
1884,The Gulf War Did Not Take Place,English,96.0,1995-10-22,3.6,486,39,452.6,10,Mid (300-500),1990.0
1885,Pride and Prejudice,English,279.0,2000-10-10,4.27,3155467,72061,497.7,90,Mid (300-500),2000.0
1886,Pride and Prejudice,English,367.0,2003-01-01,4.67,3155467,3,506.5,100,Premium (500-700),2000.0
1887,The Making of Pride and Prejudice,English,128.0,1995-09-07,4.47,5419,108,490.6,25,Mid (300-500),1990.0
1888,Pride and Prejudice,English,333.0,2004-02-11,5.0,3155467,1,503.1,95,Premium (500-700),2000.0
1889,Pride & Prejudice,English,392.0,2005-09-01,3.0,3155467,1,509.0,98,Premium (500-700),2000.0
1890,Cliff's Notes on Austen's Pride and Prejudice,English,96.0,2000-05-30,3.95,40,10,466.6,10,Mid (300-500),2000.0
1891,Pride and Prejudice,English,476.0,2005-05-05,4.0,3155467,1,517.4,91,Premium (500-700),2000.0
1892,The Annotated Pride & Prejudice,English,739.0,2004-01-01,2.0,3155467,1,543.7,93,Premium (500-700),2000.0
1893,Pride and Prejudice,English,392.0,2004-09-20,4.0,3155467,1,509.0,92,Premium (500-700),2000.0
1894,Under the Banner of Heaven: A Story of Violent Faith,English,399.0,2003-07-10,3.99,164041,10689,498.5,100,Mid (300-500),2000.0
1895,High Exposure: An Enduring Passion for Everest and Unforgiving Places,English,320.0,2000-05-17,3.91,3452,119,487.4,25,Mid (300-500),2000.0
1896,Iceland: Land of the Sagas,English,160.0,1998-10-06,3.73,341,40,464.2,10,Mid (300-500),1990.0
1897,Eiger Dreams: Ventures Among Men and Mountains,English,186.0,1997-05-19,4.01,19777,705,478.0,50,Mid (300-500),1990.0
1898,Into Thin Air: A Personal Account of the Mount Everest Disaster,English,368.0,1999-10-19,4.19,411910,14210,503.4,100,Premium (500-700),1990.0
1899,Under The Banner Of Heaven,English,372.0,2003-01-01,3.99,164061,10689,495.8,100,Mid (300-500),2000.0
1900,Jon Krakauer's Adventure on Mt. Everest,English,48.0,2002-03-01,4.13,40,1,469.0,10,Mid (300-500),2000.0
1901,Jon Krakauer's Adventure on Mount Everest,English,,,4.13,40,1,564.2,10,Premium (500-700),
1902,In the Land of White Death: An Epic Story of Survival in the Siberian Arctic,English,288.0,2001-09-04,4.01,2367,187,488.2,25,Mid (300-500),2000.0
1903,How to Meet Beautiful Women,English,96.0,1997-01-01,5.0,2,1,508.6,10,Premium (500-700),1990.0
1904,Homeopathy Beyond Flat Earth Medicine,English,111.0,2002-10-03,3.94,98,15,467.7,10,Mid (300-500),2000.0
1905,The Earth Was Flat: Insight into the Ancient Practice of Sungazing: Insight into the Ancient Practice of Sungazing,English,172.0,2005-07-08,0.0,0,0,316.2,5,Mid (300-500),2000.0
1906,Flat Earth? Round Earth?,English,54.0,2002-08-01,4.0,6,0,464.4,10,Mid (300-500),2000.0
1907,Inventing the Flat Earth: Columbus and Modern Historians,English,117.0,1997-01-30,4.08,93,15,473.9,10,Mid (300-500),1990.0
1908,"\""The Earth is Flat\"" and Other Great Mistakes",English,80.0,1995-06-01,2.83,6,2,420.2,10,Mid (300-500),1990.0
1909,Delirium's Mistress,English,416.0,1986-06-04,4.21,713,28,509.0,10,Premium (500-700),1980.0
1910,Long Ago When the Earth Was Flat; Three Tales from Africa,English,44.0,1980-01-01,4.33,3,1,476.6,10,Mid (300-500),1980.0
1911,The World Is Flat: A Brief History of the Twenty-first Century,English,593.0,2006-04-18,3.68,100009,3563,505.5,100,Premium (500-700),2000.0
1912,World Is Flat,English,488.0,2005-01-01,3.68,100019,3563,495.0,100,Mid (300-500),2000.0
1913,The World Is Flat?: A Critical Analysis of the New York Times Bestseller,English,132.0,2006-01-01,3.85,52,9,466.2,10,Mid (300-500),2000.0
1914,La Tierra es plana: Breve historia del mundo globalizado del siglo XXI,Spanish,495.0,2006-01-01,3.68,100019,3563,495.7,100,Mid (300-500),2000.0
1915,Is Your World Flat?: Experiencing Emotional Awareness in an Upwards-Moving Cycle,English,184.0,2006-07-31,0.0,0,0,317.4,5,Mid (300-500),2000.0
1916,Macroeconomics [with The World is Flat,English,,2006-02-15,3.63,259,27,544.2,10,Premium (500-700),2000.0
1917,The Complete Idiot's Guide to Long Distance Relationships,English,288.0,2005-11-01,3.86,7,1,482.2,10,Mid (300-500),2000.0
1918,The Long-Distance Relationship Survival Guide: Secrets and Strategies from Successful Couples Who Have Gone the Distance,English,208.0,2006-02-01,3.48,208,23,459.0,10,Mid (300-500),2000.0
1919,Long Distance Relationships: The Complete Guide,English,216.0,2003-04-01,3.69,35,7,468.2,10,Mid (300-500),2000.0
1920,"Separated By Duty, United In Love",English,208.0,2006-03-01,3.66,82,10,466.2,10,Mid (300-500),2000.0
1921,Long Distance Grandparenting: A Practical Guide to Building Close Relationships with Your Grandchildren,English,64.0,1994-05-01,0.0,0,0,305.4,5,Mid (300-500),1990.0
1922,The Long Distance Romance Guide: A Handbook of Encouragement to Help You Stay Close When Apart,English,144.0,2000-06-20,3.2,5,0,441.4,10,Mid (300-500),2000.0
1923,Long Distance Caregiving: A Survival Guide for Faraway Caregivers,English,122.0,1996-01-01,5.0,2,0,511.2,10,Premium (500-700),1990.0
1924,Staying Alive in Avalanche Terrain,English,272.0,2001-10-01,4.57,518,32,509.0,10,Premium (500-700),2000.0
1925,The Avalanche Handbook,English,342.0,2006-10-12,4.12,60,2,498.0,10,Mid (300-500),2000.0
1926,ABCs of Avalanche Safety,English,141.0,2003-10-01,4.33,9,0,486.3,10,Mid (300-500),2000.0
1927,"Avalanche Safety: For Skiers, Climbers & Snowboarders",English,192.0,1999-05-01,5.0,1,0,518.2,10,Premium (500-700),1990.0
1928,Avalanche: Heretical Reflections on the Dark and the Light,English,368.0,1992-05-26,3.97,31,3,494.6,10,Mid (300-500),1990.0
1929,Secrets of the Snow: Visual Clues to Avalanche and Ski Conditions,English,112.0,2001-10-01,4.5,8,2,490.2,10,Mid (300-500),2000.0
1930,Avalanche,English,128.0,1996-04-01,3.69,35,0,459.4,10,Mid (300-500),1990.0
1931,Avalanche,English,144.0,1989-01-01,3.66,292,41,459.8,10,Mid (300-500),1980.0
1932,An Avalanche of Anoraks,English,228.0,1994-10-11,3.2,5,0,449.8,10,Mid (300-500),1990.0
1933,Powderguide: Managing Avalanche Risk,English,190.0,2003-10-01,4.5,2,0,498.0,10,Mid (300-500),2000.0
1934,Little Women,English,449.0,2004-04-06,4.1,1744480,32429,507.9,97,Premium (500-700),2000.0
1935,Little Women,English,536.0,2004-10-01,5.0,1744493,1,516.6,97,Premium (500-700),2000.0
1936,Little Women,English,562.0,2000-01-01,4.0,1744493,1,519.2,90,Premium (500-700),2000.0
1937,Little Women,English,389.0,2002-09-03,2.0,1744493,1,501.9,100,Premium (500-700),2000.0
1938,Little Women,English,665.0,2003-12-05,3.0,1744493,1,529.5,95,Premium (500-700),2000.0
1939,Growing Little Women: Capturing Teachable Moments with Your Daughter,English,200.0,1997-03-05,4.21,28,4,487.4,10,Mid (300-500),1990.0
1940,Little Women,English,488.0,2006-07-14,1.0,1744493,1,511.8,98,Premium (500-700),2000.0
1941,Little Women,English,,2005-07-25,5.0,1744493,1,563.0,94,Premium (500-700),2000.0
1943,Ghostly Tales,English,192.0,2002-08-27,3.86,36,2,472.6,10,Mid (300-500),2000.0
1944,Jo's Story,English,112.0,2001-08-14,3.71,271,24,458.6,10,Mid (300-500),2000.0
1945,Little Women,English,,2005-04-15,4.1,1744493,32429,563.0,95,Premium (500-700),2000.0
1946,"Little Women, Little Men, Jo's Boys",English,1064.0,2005-02-17,4.35,6256,294,579.4,25,Premium (500-700),2000.0
1947,Little Women,English,327.0,2004-02-01,4.1,1744493,32429,495.7,97,Mid (300-500),2000.0
1949,Jo's Troubled Heart,English,119.0,1999-02-01,3.64,25,3,456.5,10,Mid (300-500),1990.0
1950,Meg's Dearest Wish,English,118.0,1999-02-01,3.85,20,1,464.8,10,Mid (300-500),1990.0
1951,Beth Makes a Friend,English,112.0,1998-03-09,3.65,48,1,456.2,10,Mid (300-500),1990.0
1952,A Tale of Two Cities,English,293.0,1999-01-01,3.5,829437,4,482.3,98,Mid (300-500),1990.0
1953,A Tale of Two Cities,English,489.0,2003-01-01,2.67,829395,3,501.9,94,Premium (500-700),2000.0
1954,CliffsNotes Dickens' A Tale of Two Cities,English,128.0,2000-01-01,3.53,68,15,453.0,10,Mid (300-500),2000.0
1955,A Tale of Two Cities,English,496.0,2004-05-01,4.67,829472,3,502.6,97,Premium (500-700),2000.0
1956,A Tale of Two Cities,English,350.0,2005-03-01,2.5,829490,2,488.0,98,Mid (300-500),2000.0
1957,A Tale of Two Cities,English,409.0,2004-07-25,5.0,829490,1,493.9,94,Mid (300-500),2000.0
1958,A Tale of Two Cities: Charles Dickens,English,96.0,2002-01-10,4.04,25,4,470.2,10,Mid (300-500),2000.0
1959,A Tale of Two Cities,English,429.0,2003-12-01,3.85,829455,18175,495.9,91,Mid (300-500),2000.0
1960,A Tale of Two Cities,English,432.0,1993-03-18,5.0,829490,1,496.2,97,Mid (300-500),1990.0
1961,A Tale of Two Cities,English,435.0,2003-11-01,5.0,829490,1,496.5,87,Mid (300-500),2000.0
1962,A Tale of Two Cities,English,,2006-04-06,3.85,829490,18176,553.0,96,Premium (500-700),2000.0
1963,A Tale of Two Cities: The Mormons-Catholics,English,107.0,1980-07-28,4.2,10,3,477.7,10,Mid (300-500),1980.0
1964,A Tale of Two Cities,English,368.0,2005-06-01,3.0,829490,2,489.8,91,Mid (300-500),2000.0
1965,A Tale of Two Cities Study Guide,English,90.0,1999-03-01,5.0,1,1,508.0,10,Premium (500-700),1990.0
1966,A Tale of Two Cities,English,,2004-06-10,5.0,829490,1,553.0,96,Premium (500-700),2000.0
1967,A Tale of Two Cities,English,,2002-07-28,4.0,829490,2,553.0,91,Premium (500-700),2000.0
1968,Monarch Notes on Dickens' a Tale of Two Cities,English,,1984-10-28,0.0,0,0,399.0,5,Mid (300-500),1980.0
1969,A Tale of Two Cities,English,448.0,2005-07-01,3.79,14,0,495.4,10,Mid (300-500),2000.0
1970,A Tale of Two Cities,English,160.0,2004-01-01,3.88,40,4,470.2,10,Mid (300-500),2000.0
1971,A Tale of Two Cities,English,240.0,2001-08-28,4.07,15,1,485.8,10,Mid (300-500),2000.0
1972,Den of Thieves,English,592.0,1992-09-01,4.16,11347,273,524.6,50,Premium (500-700),1990.0
1973,Den of Thieves (Ad&d 2nd Edition,English,96.0,1996-03-01,3.38,8,0,443.8,10,Mid (300-500),1990.0
1974,Den of Thieves,English,286.0,1987-11-01,3.5,14,2,467.6,10,Mid (300-500),1980.0
1975,A Den Of Thieves,English,103.0,1995-01-01,5.0,1,0,509.3,10,Premium (500-700),1990.0
1976,Den of Thieves,English,416.0,2007-01-31,4.22,1710,86,509.4,25,Premium (500-700),2000.0
1977,The Passion of Ayn Rand's Critics: The Case Against the Brandens,English,385.0,2005-05-01,4.18,44,5,504.7,10,Premium (500-700),2000.0
1978,The Voice of Reason: Essays in Objectivist Thought,English,368.0,1990-06-30,4.11,793,34,500.2,10,Premium (500-700),1990.0
1979,My Years with Ayn Rand,English,432.0,1999-02-26,3.79,649,22,493.8,10,Mid (300-500),1990.0
1980,The Ayn Rand Lexicon: Objectivism from A to Z,English,560.0,1988-01-01,4.09,554,19,518.6,10,Premium (500-700),1980.0
1981,The Art of Fiction: A Guide for Writers and Readers,English,192.0,2000-01-01,4.01,783,88,478.6,10,Mid (300-500),2000.0
1982,Four Novels: Great Expectations / Hard Times / A Christmas Carol / A Tale of Two Cities,English,848.0,1993-10-02,4.3,3529,49,555.8,25,Premium (500-700),1990.0
1983,Hard Times,English,368.0,2004-01-16,3.53,59549,3122,477.0,50,Mid (300-500),2000.0
1984,Bleak House,English,887.0,2002-07-09,4.0,100150,4355,547.7,100,Premium (500-700),2000.0
1985,David Copperfield,English,928.0,2006-02-07,4.0,204100,6933,551.8,100,Premium (500-700),2000.0
1986,Oliver Twist,English,512.0,2005-04-05,3.87,329759,7892,505.0,100,Premium (500-700),2000.0
1987,What Jane Austen Ate and Charles Dickens Knew: From Fox Hunting to Whist—the Facts of Daily Life in 19th-Century England,English,416.0,1994-04-21,3.85,5292,558,494.6,25,Mid (300-500),1990.0
1988,Charles Dickens,English,224.0,2002-05-13,3.81,629,102,473.8,10,Mid (300-500),2000.0
1989,Great Expectations,English,3.0,2005-06-16,3.78,673758,16810,450.5,100,Mid (300-500),2000.0
1990,Martin Chuzzlewit,English,830.0,1999-11-25,3.84,14940,663,535.6,50,Premium (500-700),1990.0
1991,Why Is Sex Fun? The Evolution of Human Sexuality,English,176.0,1998-09-25,3.71,5653,407,465.0,25,Mid (300-500),1990.0
1992,The Rise And Fall Of The Third Chimpanzee: how our animal heritage affects the way we live,English,368.0,1992-05-28,4.07,23260,852,498.6,50,Mid (300-500),1990.0
1993,The Third Chimpanzee: The Evolution & Future of the Human Animal,English,407.0,1992-01-01,4.07,23260,852,502.5,50,Premium (500-700),1990.0
1994,Collapse: How Societies Choose to Fail or Survive,English,592.0,2005-01-17,3.92,65009,3351,515.0,50,Premium (500-700),2000.0
1995,Colapso,Spanish,752.0,2006-02-01,3.92,65009,3351,531.0,50,Premium (500-700),2000.0
1996,J. K. Rowling: A Biography,English,160.0,2003-03-30,3.47,91,12,453.8,10,Mid (300-500),2000.0
1997,The J.K. Rowling Encyclopedia,English,374.0,2006-06-01,4.33,21,0,509.6,10,Premium (500-700),2000.0
1998,Harry Potter: The Final Challenge,English,,2001-12-31,5.0,2,0,599.0,10,Premium (500-700),2000.0
1999,J.K.Rowling,English,112.0,2005-09-01,3.82,162,13,463.0,10,Mid (300-500),2000.0
2000,Conversations with J.K. Rowling,English,96.0,2001-10-01,4.0,4640,111,468.6,25,Mid (300-500),2000.0
2001,J.K. Rowling,English,32.0,2005-02-01,4.16,96,2,468.6,10,Mid (300-500),2000.0
